block_number,block_timestamp_utc,tx_count
45942795,2026-05-01 00:36:15,5
45943193,2026-05-01 01:10:10,3
45943520,2026-05-01 01:38:20,3
45943556,2026-05-01 01:41:25,2
45943986,2026-05-01 02:18:15,4
45944057,2026-05-01 02:24:40,2
45944081,2026-05-01 02:26:40,2
45944238,2026-05-01 02:40:05,3
45944621,2026-05-01 03:13:25,6
45945018,2026-05-01 03:47:20,8
45945172,2026-05-01 04:00:25,3
45945254,2026-05-01 04:07:30,2
45945409,2026-05-01 04:20:35,2
45945538,2026-05-01 04:31:20,2
45945593,2026-05-01 04:36:00,2
45945730,2026-05-01 04:47:45,3
45945743,2026-05-01 04:48:50,3
45945911,2026-05-01 05:03:20,6
45946061,2026-05-01 05:16:15,2
45946270,2026-05-01 05:34:05,9
45946479,2026-05-01 05:51:45,6
45946593,2026-05-01 06:01:30,3
45946684,2026-05-01 06:09:15,2
45946721,2026-05-01 06:12:25,2
45946902,2026-05-01 06:28:05,2
45947065,2026-05-01 06:42:00,2
45947223,2026-05-01 06:55:25,3
45947305,2026-05-01 07:02:25,2
45947593,2026-05-01 07:26:50,8
45947795,2026-05-01 07:44:25,2
45948015,2026-05-01 08:03:15,2
45948149,2026-05-01 08:14:50,5
45948158,2026-05-01 08:15:35,4
45948349,2026-05-01 08:31:40,2
45948551,2026-05-01 08:48:40,4
45948575,2026-05-01 08:50:40,3
45948603,2026-05-01 08:53:00,2
45948631,2026-05-01 08:55:20,2
45948683,2026-05-01 08:59:45,3
45948741,2026-05-01 09:04:40,2
45949124,2026-05-01 09:37:10,2
45949683,2026-05-01 10:25:10,3
45949837,2026-05-01 10:38:05,3
45950611,2026-05-01 11:44:20,3
45950634,2026-05-01 11:46:15,2
45950667,2026-05-01 11:49:05,5
45950739,2026-05-01 11:55:15,2
45951420,2026-05-01 12:53:10,2
45951520,2026-05-01 13:01:50,4
45952366,2026-05-01 14:14:15,2
45955223,2026-05-01 18:19:20,3
45956228,2026-05-01 19:45:20,2
45956230,2026-05-01 19:45:30,2
45956318,2026-05-01 19:53:05,4
45956540,2026-05-01 20:11:45,2
45956670,2026-05-01 20:22:35,6
45956759,2026-05-01 20:30:15,2
45956796,2026-05-01 20:33:25,2
45956867,2026-05-01 20:39:20,2
45957246,2026-05-01 21:11:35,4
45957364,2026-05-01 21:21:35,6
45957789,2026-05-01 21:57:55,4
45957947,2026-05-01 22:11:10,2
45958692,2026-05-01 23:14:45,3
45958765,2026-05-01 23:20:55,3
45958852,2026-05-01 23:28:30,3
45958900,2026-05-01 23:32:30,3
45959465,2026-05-02 00:20:25,4
45959554,2026-05-02 00:28:00,5
45959992,2026-05-02 01:05:10,5
45960090,2026-05-02 01:13:40,3
45960392,2026-05-02 01:39:20,6
45960417,2026-05-02 01:41:25,4
45960513,2026-05-02 01:49:45,3
45960667,2026-05-02 02:03:00,3
45960669,2026-05-02 02:03:10,4
45960673,2026-05-02 02:03:30,4
45960714,2026-05-02 02:07:05,3
45960738,2026-05-02 02:09:10,2
45960840,2026-05-02 02:17:45,2
45960993,2026-05-02 02:30:50,2
45961211,2026-05-02 02:49:30,7
45961264,2026-05-02 02:54:10,2
45961325,2026-05-02 02:59:20,3
45961744,2026-05-02 03:35:10,12
45961904,2026-05-02 03:48:35,7
45961999,2026-05-02 03:56:30,4
45962036,2026-05-02 03:59:45,10
45962386,2026-05-02 04:29:40,5
45962428,2026-05-02 04:33:15,2
45962575,2026-05-02 04:45:35,5
45962706,2026-05-02 04:56:45,4
45962717,2026-05-02 04:57:40,3
45962729,2026-05-02 04:58:40,5
45962740,2026-05-02 04:59:35,3
45962770,2026-05-02 05:02:10,4
45962826,2026-05-02 05:06:55,6
45962994,2026-05-02 05:21:15,2
45963046,2026-05-02 05:25:40,5
45963063,2026-05-02 05:27:10,4
45963066,2026-05-02 05:27:25,2
45963292,2026-05-02 05:46:35,6
45963334,2026-05-02 05:50:10,5
45963345,2026-05-02 05:51:10,3
45963346,2026-05-02 05:51:15,7
45963465,2026-05-02 06:01:20,2
45963481,2026-05-02 06:02:40,2
45963492,2026-05-02 06:03:35,14
45963499,2026-05-02 06:04:10,3
45963546,2026-05-02 06:08:15,2
45963591,2026-05-02 06:12:10,8
45963592,2026-05-02 06:12:15,4
45963652,2026-05-02 06:17:25,6
45963655,2026-05-02 06:17:40,3
45963722,2026-05-02 06:23:20,2
45963728,2026-05-02 06:23:50,3
45963767,2026-05-02 06:27:10,3
45963769,2026-05-02 06:27:20,16
45963799,2026-05-02 06:29:50,4
45963810,2026-05-02 06:30:45,2
45963841,2026-05-02 06:33:25,3
45964085,2026-05-02 06:54:50,4
45964110,2026-05-02 06:56:55,2
45964128,2026-05-02 06:58:25,2
45964222,2026-05-02 07:06:25,3
45964243,2026-05-02 07:08:10,2
45964245,2026-05-02 07:08:20,3
45964364,2026-05-02 07:18:35,4
45964397,2026-05-02 07:21:30,3
45964399,2026-05-02 07:21:40,4
45964431,2026-05-02 07:24:30,5
45964438,2026-05-02 07:25:05,2
45964487,2026-05-02 07:29:15,2
45964511,2026-05-02 07:31:20,3
45964538,2026-05-02 07:33:40,2
45964733,2026-05-02 07:50:05,5
45964788,2026-05-02 07:54:45,4
45964934,2026-05-02 08:07:10,4
45965026,2026-05-02 08:15:05,11
45965119,2026-05-02 08:22:50,3
45965142,2026-05-02 08:24:50,4
45965173,2026-05-02 08:27:30,3
45965196,2026-05-02 08:29:25,5
45965316,2026-05-02 08:39:50,4
45965334,2026-05-02 08:41:20,2
45965418,2026-05-02 08:48:30,4
45965463,2026-05-02 08:52:20,3
45965511,2026-05-02 08:56:30,11
45965604,2026-05-02 09:04:20,5
45965715,2026-05-02 09:13:50,4
45965723,2026-05-02 09:14:30,11
45965866,2026-05-02 09:26:50,5
45965883,2026-05-02 09:28:15,6
45965892,2026-05-02 09:29:05,3
45965921,2026-05-02 09:31:30,7
45965955,2026-05-02 09:34:25,3
45966171,2026-05-02 09:53:05,5
45966240,2026-05-02 09:59:00,2
45966921,2026-05-02 10:56:50,2
45967031,2026-05-02 11:06:40,3
45967266,2026-05-02 11:26:30,4
45967283,2026-05-02 11:27:55,2
45967421,2026-05-02 11:39:30,4
45967644,2026-05-02 11:58:40,3
45968097,2026-05-02 12:37:10,7
45968331,2026-05-02 12:57:20,6
45968926,2026-05-02 13:48:35,4
45969432,2026-05-02 14:32:00,4
45971867,2026-05-02 17:59:05,6
45972766,2026-05-02 19:15:30,2
45973974,2026-05-02 20:58:50,4
45974540,2026-05-02 21:46:30,3
45974823,2026-05-02 22:10:40,2
45975417,2026-05-02 23:01:45,3
45975793,2026-05-02 23:33:40,4
45976111,2026-05-03 00:00:40,3
45976270,2026-05-03 00:14:20,4
45976426,2026-05-03 00:27:45,3
45976436,2026-05-03 00:28:35,4
45977074,2026-05-03 01:22:50,2
45977430,2026-05-03 01:53:40,3
45977500,2026-05-03 01:59:50,11
45978114,2026-05-03 02:51:40,197
45978338,2026-05-03 03:11:00,6
45979109,2026-05-03 04:16:45,2
45979162,2026-05-03 04:21:10,2
45979479,2026-05-03 04:47:55,3
45979490,2026-05-03 04:48:50,7
45979493,2026-05-03 04:49:05,3
45979616,2026-05-03 04:59:35,8
45979669,2026-05-03 05:04:00,4
45979742,2026-05-03 05:10:20,5
45979795,2026-05-03 05:14:45,4
45979797,2026-05-03 05:14:55,2
45980048,2026-05-03 05:35:55,8
45980189,2026-05-03 05:48:00,7
45980409,2026-05-03 06:06:40,2
45980546,2026-05-03 06:18:15,2
45980570,2026-05-03 06:20:25,2
45980608,2026-05-03 06:23:35,5
45980673,2026-05-03 06:29:05,4
45980742,2026-05-03 06:35:00,6
45980855,2026-05-03 06:44:30,7
45980902,2026-05-03 06:48:25,3
45980926,2026-05-03 06:50:25,2
45980971,2026-05-03 06:54:15,2
45981014,2026-05-03 06:58:05,3
45981346,2026-05-03 07:26:25,2
45981425,2026-05-03 07:33:05,16
45981430,2026-05-03 07:33:30,12
45981465,2026-05-03 07:36:30,6
45981466,2026-05-03 07:36:35,2
45981521,2026-05-03 07:41:15,21
45981605,2026-05-03 07:48:35,2
45981611,2026-05-03 07:49:05,3
45981890,2026-05-03 08:12:55,12
45981998,2026-05-03 08:21:55,2
45982036,2026-05-03 08:25:05,2
45982349,2026-05-03 08:51:40,6
45982552,2026-05-03 09:09:00,3
45983034,2026-05-03 09:50:15,2
45983106,2026-05-03 09:56:20,2
45983467,2026-05-03 10:27:05,4
45984180,2026-05-03 11:28:20,3
45984480,2026-05-03 11:54:25,2
45984588,2026-05-03 12:03:35,2
45984739,2026-05-03 12:16:20,4
45985065,2026-05-03 12:44:00,12
45985191,2026-05-03 12:54:50,2
45985338,2026-05-03 13:07:25,4
45985403,2026-05-03 13:12:55,3
45985456,2026-05-03 13:17:20,6
45985505,2026-05-03 13:21:25,2
45985734,2026-05-03 13:40:35,3
45986107,2026-05-03 14:12:35,5
45986311,2026-05-03 14:30:00,2
45986367,2026-05-03 14:34:40,4
45986604,2026-05-03 14:54:50,3
45986675,2026-05-03 15:00:50,8
45986786,2026-05-03 15:10:10,2
45987677,2026-05-03 16:26:40,3
45987724,2026-05-03 16:30:35,5
45987891,2026-05-03 16:45:00,2
45987942,2026-05-03 16:49:15,2
45988181,2026-05-03 17:09:55,4
45989529,2026-05-03 19:05:00,2
45990056,2026-05-03 19:49:50,2
45990058,2026-05-03 19:50:00,2
45990494,2026-05-03 20:27:25,6
45991006,2026-05-03 21:10:55,5
45991033,2026-05-03 21:13:10,2
45991079,2026-05-03 21:17:05,3
45992891,2026-05-03 23:51:20,3
45992926,2026-05-03 23:54:25,4
45993206,2026-05-04 00:18:25,4
45993317,2026-05-04 00:27:45,4
45994291,2026-05-04 01:51:05,2
45994304,2026-05-04 01:52:10,6
45994589,2026-05-04 02:17:05,4
45994672,2026-05-04 02:24:15,2
45994778,2026-05-04 02:33:05,2
45995683,2026-05-04 03:50:10,2
45996048,2026-05-04 04:21:10,5
45996064,2026-05-04 04:22:40,5
45996197,2026-05-04 04:34:05,2
45996271,2026-05-04 04:40:25,2
45996389,2026-05-04 04:50:25,3
45996455,2026-05-04 04:56:15,2
45997627,2026-05-04 06:36:20,7
45997683,2026-05-04 06:41:10,4
45997707,2026-05-04 06:43:10,4
45997709,2026-05-04 06:43:20,8
45997895,2026-05-04 06:59:10,4
45998040,2026-05-04 07:11:30,3
45998059,2026-05-04 07:13:10,6
45998182,2026-05-04 07:23:40,4
45998306,2026-05-04 07:34:15,2
45998348,2026-05-04 07:37:50,6
45998400,2026-05-04 07:42:15,2
45998468,2026-05-04 07:48:15,5
45998488,2026-05-04 07:49:55,5
45998546,2026-05-04 07:54:55,2
45998787,2026-05-04 08:15:30,2
45998920,2026-05-04 08:26:50,3
45998951,2026-05-04 08:29:30,4
45998970,2026-05-04 08:31:10,3
45999668,2026-05-04 09:31:40,2
45999746,2026-05-04 09:38:15,3
46000000,2026-05-04 10:00:15,2
46000406,2026-05-04 10:35:00,2
46000439,2026-05-04 10:37:50,6
46000511,2026-05-04 10:44:20,2
46000548,2026-05-04 10:47:30,2
46000714,2026-05-04 11:01:30,2
46000908,2026-05-04 11:17:50,3
46002468,2026-05-04 13:31:25,2
46003135,2026-05-04 14:28:05,2
46005030,2026-05-04 17:09:10,2
46008335,2026-05-04 21:52:10,2
46008681,2026-05-04 22:21:35,3
46010845,2026-05-05 01:26:40,2
46010925,2026-05-05 01:33:30,4
46011055,2026-05-05 01:44:45,4
46011601,2026-05-05 02:31:05,2
46011681,2026-05-05 02:37:55,2
46012548,2026-05-05 03:51:45,129
46012638,2026-05-05 03:59:35,4
46013006,2026-05-05 04:31:15,2
46013278,2026-05-05 04:54:20,2
46014071,2026-05-05 06:01:20,7
46014231,2026-05-05 06:15:00,3
46014374,2026-05-05 06:27:05,3
46014408,2026-05-05 06:30:00,5
46014468,2026-05-05 06:35:10,4
46014470,2026-05-05 06:35:20,3
46014514,2026-05-05 06:39:00,6
46014676,2026-05-05 06:52:45,2
46014717,2026-05-05 06:56:20,2
46014897,2026-05-05 07:11:45,5
46014922,2026-05-05 07:13:55,3
46015058,2026-05-05 07:25:25,2
46015338,2026-05-05 07:49:10,6
46015360,2026-05-05 07:51:05,3
46015455,2026-05-05 07:59:15,2
46015774,2026-05-05 08:26:35,2
46015786,2026-05-05 08:27:35,2
46015837,2026-05-05 08:32:20,3
46016281,2026-05-05 09:10:25,2
46016537,2026-05-05 09:32:20,2
46016757,2026-05-05 09:51:15,4
46017710,2026-05-05 11:12:35,2
46017901,2026-05-05 11:29:00,2
46018025,2026-05-05 11:39:30,2
46018389,2026-05-05 12:10:25,7
46020269,2026-05-05 14:50:10,12
46021220,2026-05-05 16:11:45,2
46021302,2026-05-05 16:18:55,3
46021571,2026-05-05 16:42:30,2
46021848,2026-05-05 17:06:25,3
46022299,2026-05-05 17:45:05,2
46022596,2026-05-05 18:10:35,2
46023390,2026-05-05 19:18:40,3
46023814,2026-05-05 19:54:40,2
46023829,2026-05-05 19:55:55,2
46023949,2026-05-05 20:06:15,2
46024045,2026-05-05 20:14:30,3
46024072,2026-05-05 20:16:45,3
46024323,2026-05-05 20:38:30,3
46024413,2026-05-05 20:46:20,2
46024454,2026-05-05 20:49:45,2
46024621,2026-05-05 21:03:50,8
46024835,2026-05-05 21:21:55,3
46025309,2026-05-05 22:02:05,3
46026625,2026-05-05 23:55:10,11
46026839,2026-05-06 00:13:25,2
46026895,2026-05-06 00:18:05,4
46027027,2026-05-06 00:29:20,2
46027220,2026-05-06 00:45:35,7
46027224,2026-05-06 00:45:55,2
46027936,2026-05-06 01:46:55,4
46028286,2026-05-06 02:17:30,6
46028797,2026-05-06 03:01:00,3
46029053,2026-05-06 03:23:05,2
46029174,2026-05-06 03:33:25,5
46029219,2026-05-06 03:37:10,2
46029221,2026-05-06 03:37:20,2
46029398,2026-05-06 03:52:30,2
46029474,2026-05-06 03:59:10,6
46029568,2026-05-06 04:07:00,5
46029591,2026-05-06 04:08:55,4
46029717,2026-05-06 04:20:00,6
46029784,2026-05-06 04:25:45,3
46029927,2026-05-06 04:37:50,8
46030153,2026-05-06 04:57:40,4
46030172,2026-05-06 04:59:15,5
46030181,2026-05-06 05:00:00,2
46030262,2026-05-06 05:07:20,2
46030291,2026-05-06 05:09:55,4
46030335,2026-05-06 05:13:55,3
46030338,2026-05-06 05:14:10,3
46030342,2026-05-06 05:14:30,2
46030372,2026-05-06 05:17:10,3
46030427,2026-05-06 05:22:00,5
46030494,2026-05-06 05:27:35,2
46030508,2026-05-06 05:28:45,3
46030513,2026-05-06 05:29:10,2
46030515,2026-05-06 05:29:20,3
46030521,2026-05-06 05:29:50,3
46030522,2026-05-06 05:29:55,4
46030555,2026-05-06 05:32:40,5
46030567,2026-05-06 05:33:40,5
46030573,2026-05-06 05:34:10,2
46030691,2026-05-06 05:44:15,6
46030793,2026-05-06 05:52:55,2
46030794,2026-05-06 05:53:00,6
46030872,2026-05-06 05:59:50,3
46030896,2026-05-06 06:01:50,4
46030920,2026-05-06 06:03:50,6
46030939,2026-05-06 06:05:30,2
46030970,2026-05-06 06:08:05,4
46031103,2026-05-06 06:19:25,6
46031127,2026-05-06 06:21:25,2
46031159,2026-05-06 06:24:10,2
46031198,2026-05-06 06:27:25,4
46031203,2026-05-06 06:27:50,4
46031224,2026-05-06 06:29:35,5
46031304,2026-05-06 06:36:35,5
46031341,2026-05-06 06:39:40,4
46031446,2026-05-06 06:48:30,3
46031454,2026-05-06 06:49:10,3
46031481,2026-05-06 06:51:30,4
46031490,2026-05-06 06:52:20,6
46031546,2026-05-06 06:57:10,4
46031855,2026-05-06 07:23:25,2
46031878,2026-05-06 07:25:20,4
46031959,2026-05-06 07:32:10,2
46031983,2026-05-06 07:34:10,2
46031989,2026-05-06 07:34:40,6
46031999,2026-05-06 07:35:30,2
46032082,2026-05-06 07:42:30,7
46032092,2026-05-06 07:43:20,3
46032105,2026-05-06 07:44:30,5
46032130,2026-05-06 07:46:40,5
46032170,2026-05-06 07:50:10,5
46032255,2026-05-06 07:57:25,2
46032271,2026-05-06 07:58:45,3
46032276,2026-05-06 07:59:10,4
46032637,2026-05-06 08:29:35,3
46033321,2026-05-06 09:28:15,4
46033533,2026-05-06 09:46:15,2
46033698,2026-05-06 10:00:15,5
46033784,2026-05-06 10:07:40,2
46034405,2026-05-06 11:00:30,2
46034951,2026-05-06 11:47:35,3
46035534,2026-05-06 12:37:40,2
46035991,2026-05-06 13:17:00,7
46036487,2026-05-06 13:59:00,3
46036739,2026-05-06 14:20:25,2
46036755,2026-05-06 14:21:45,2
46036882,2026-05-06 14:32:35,2
46037157,2026-05-06 14:56:00,2
46037777,2026-05-06 15:49:05,2
46038038,2026-05-06 16:11:30,2
46038095,2026-05-06 16:16:15,3
46038161,2026-05-06 16:21:50,2
46038709,2026-05-06 17:08:35,6
46038712,2026-05-06 17:08:50,6
46038727,2026-05-06 17:10:05,2
46038889,2026-05-06 17:23:50,6
46038989,2026-05-06 17:32:15,2
46039142,2026-05-06 17:45:05,2
46039144,2026-05-06 17:45:15,5
46039459,2026-05-06 18:12:20,4
46040275,2026-05-06 19:21:45,2
46040286,2026-05-06 19:22:45,2
46040292,2026-05-06 19:23:15,3
46040350,2026-05-06 19:28:10,5
46040375,2026-05-06 19:30:20,2
46040399,2026-05-06 19:32:25,4
46040422,2026-05-06 19:34:20,3
46040464,2026-05-06 19:37:50,3
46040500,2026-05-06 19:41:00,2
46040538,2026-05-06 19:44:15,6
46040546,2026-05-06 19:44:55,3
46040596,2026-05-06 19:49:25,2
46040675,2026-05-06 19:56:20,3
46040686,2026-05-06 19:57:15,7
46040925,2026-05-06 20:17:55,3
46040998,2026-05-06 20:24:10,2
46041063,2026-05-06 20:29:40,2
46041095,2026-05-06 20:32:20,5
46041171,2026-05-06 20:38:40,3
46041312,2026-05-06 20:50:45,2
46041511,2026-05-06 21:08:10,2
46041735,2026-05-06 21:27:30,2
46041792,2026-05-06 21:32:25,2
46041927,2026-05-06 21:43:50,2
46041947,2026-05-06 21:45:30,5
46042331,2026-05-06 22:18:35,2
46042337,2026-05-06 22:19:05,3
46042370,2026-05-06 22:21:50,2
46042457,2026-05-06 22:29:05,2
46042488,2026-05-06 22:31:50,2
46042899,2026-05-06 23:06:55,2
46043692,2026-05-07 00:14:25,2
46043751,2026-05-07 00:19:25,2
46044189,2026-05-07 00:57:00,3
46044361,2026-05-07 01:11:45,5
46044490,2026-05-07 01:22:55,2
46044736,2026-05-07 01:44:05,4
46044829,2026-05-07 01:51:55,2
46045118,2026-05-07 02:16:55,2
46045310,2026-05-07 02:33:05,3
46045321,2026-05-07 02:34:00,4
46045361,2026-05-07 02:37:25,3
46045436,2026-05-07 02:43:55,3
46046038,2026-05-07 03:35:25,2
46046100,2026-05-07 03:40:40,5
46046328,2026-05-07 04:00:25,3
46046606,2026-05-07 04:24:15,11
46046876,2026-05-07 04:47:25,3
46047096,2026-05-07 05:06:20,4
46047157,2026-05-07 05:11:40,2
46047503,2026-05-07 05:41:15,3
46047881,2026-05-07 06:13:50,2
46047997,2026-05-07 06:23:45,4
46048048,2026-05-07 06:28:10,4
46048049,2026-05-07 06:28:15,7
46048060,2026-05-07 06:29:10,4
46048076,2026-05-07 06:30:30,2
46048086,2026-05-07 06:31:20,5
46048111,2026-05-07 06:33:30,3
46048177,2026-05-07 06:39:05,3
46048197,2026-05-07 06:40:50,3
46048199,2026-05-07 06:41:00,2
46048201,2026-05-07 06:41:10,6
46048320,2026-05-07 06:51:15,4
46048338,2026-05-07 06:52:50,4
46048552,2026-05-07 07:11:25,2
46048725,2026-05-07 07:26:10,4
46048933,2026-05-07 07:44:00,2
46049086,2026-05-07 07:56:55,3
46049317,2026-05-07 08:17:00,4
46049340,2026-05-07 08:18:55,2
46049479,2026-05-07 08:30:55,13
46049490,2026-05-07 08:31:50,2
46049550,2026-05-07 08:37:00,26
46049583,2026-05-07 08:39:45,2
46049896,2026-05-07 09:06:55,5
46049954,2026-05-07 09:11:50,2
46050001,2026-05-07 09:15:55,2
46050183,2026-05-07 09:31:15,5
46050319,2026-05-07 09:42:55,7
46050390,2026-05-07 09:49:10,3
46050414,2026-05-07 09:51:15,9
46050884,2026-05-07 10:31:35,2
46050962,2026-05-07 10:38:15,2
46050992,2026-05-07 10:40:45,4
46051164,2026-05-07 10:55:25,6
46051169,2026-05-07 10:55:50,2
46051409,2026-05-07 11:16:10,3
46051426,2026-05-07 11:17:35,2
46051498,2026-05-07 11:23:35,3
46051879,2026-05-07 11:55:50,3
46052066,2026-05-07 12:11:35,4
46052126,2026-05-07 12:16:35,3
46052422,2026-05-07 12:41:45,2
46052451,2026-05-07 12:44:15,3
46052468,2026-05-07 12:45:40,6
46052548,2026-05-07 12:52:30,4
46052694,2026-05-07 13:05:05,2
46052913,2026-05-07 13:23:40,6
46052946,2026-05-07 13:26:30,5
46053047,2026-05-07 13:35:10,2
46053363,2026-05-07 14:02:20,6
46053407,2026-05-07 14:06:00,5
46054037,2026-05-07 14:59:35,3
46055597,2026-05-07 17:14:15,5
46056278,2026-05-07 18:13:05,7
46056419,2026-05-07 18:25:10,5
46057012,2026-05-07 19:16:25,2
46057080,2026-05-07 19:22:15,5
46057188,2026-05-07 19:31:45,3
46057513,2026-05-07 19:59:40,2
46057592,2026-05-07 20:06:30,2
46058468,2026-05-07 21:21:05,2
46058555,2026-05-07 21:28:40,4
46059139,2026-05-07 22:18:25,3
46059583,2026-05-07 22:56:40,4
46059619,2026-05-07 22:59:45,6
46060157,2026-05-07 23:44:50,2
46060180,2026-05-07 23:46:50,2
46060221,2026-05-07 23:50:20,7
46060387,2026-05-08 00:04:30,3
46061217,2026-05-08 01:15:35,4
46061240,2026-05-08 01:17:35,9
46061261,2026-05-08 01:19:20,10
46061348,2026-05-08 01:26:40,13
46061376,2026-05-08 01:29:05,12
46061449,2026-05-08 01:35:10,12
46061500,2026-05-08 01:39:35,5
46061503,2026-05-08 01:39:50,9
46061563,2026-05-08 01:45:00,10
46061616,2026-05-08 01:49:35,10
46061626,2026-05-08 01:50:25,5
46061728,2026-05-08 01:59:15,11
46061841,2026-05-08 02:09:00,3
46061879,2026-05-08 02:12:10,5
46061982,2026-05-08 02:20:55,7
46061987,2026-05-08 02:21:20,9
46062031,2026-05-08 02:25:00,12
46062040,2026-05-08 02:25:45,2
46062064,2026-05-08 02:27:50,4
46062137,2026-05-08 02:34:15,8
46062149,2026-05-08 02:35:15,10
46062189,2026-05-08 02:38:50,4
46062321,2026-05-08 02:50:20,6
46062556,2026-05-08 03:10:20,5
46063040,2026-05-08 03:51:30,9
46063109,2026-05-08 03:57:25,9
46063215,2026-05-08 04:06:35,5
46063274,2026-05-08 04:11:35,5
46063456,2026-05-08 04:27:00,13
46063459,2026-05-08 04:27:20,11
46063475,2026-05-08 04:28:40,3
46063592,2026-05-08 04:38:35,6
46063611,2026-05-08 04:40:10,6
46063745,2026-05-08 04:51:45,2
46063973,2026-05-08 05:11:25,2
46064102,2026-05-08 05:22:35,7
46064343,2026-05-08 05:42:55,2
46064397,2026-05-08 05:47:25,2
46064466,2026-05-08 05:53:15,5
46064773,2026-05-08 06:19:25,3
46064813,2026-05-08 06:22:45,2
46064832,2026-05-08 06:24:25,3
46065261,2026-05-08 07:00:55,5
46065542,2026-05-08 07:24:45,14
46065556,2026-05-08 07:25:55,5
46065614,2026-05-08 07:30:50,2
46065620,2026-05-08 07:31:20,5
46065731,2026-05-08 07:40:45,2
46065803,2026-05-08 07:46:55,6
46065865,2026-05-08 07:52:40,14
46065866,2026-05-08 07:52:45,12
46065885,2026-05-08 07:54:20,2
46065889,2026-05-08 07:54:40,16
46065922,2026-05-08 07:57:25,15
46066009,2026-05-08 08:04:55,13
46066121,2026-05-08 08:14:50,6
46066201,2026-05-08 08:21:30,6
46066349,2026-05-08 08:34:25,17
46066480,2026-05-08 08:45:40,2
46066620,2026-05-08 08:57:35,16
46066726,2026-05-08 09:06:50,6
46066737,2026-05-08 09:07:45,9
46066761,2026-05-08 09:09:45,15
46066822,2026-05-08 09:15:05,2
46066877,2026-05-08 09:19:45,15
46067115,2026-05-08 09:40:05,2
46067191,2026-05-08 09:46:30,6
46067229,2026-05-08 09:49:45,11
46067308,2026-05-08 09:56:35,5
46067819,2026-05-08 10:40:10,2
46067829,2026-05-08 10:41:00,3
46068249,2026-05-08 11:16:40,2
46068610,2026-05-08 11:47:25,6
46068816,2026-05-08 12:05:15,5
46068878,2026-05-08 12:10:40,6
46068906,2026-05-08 12:13:10,2
46068990,2026-05-08 12:20:20,2
46069066,2026-05-08 12:26:55,2
46069189,2026-05-08 12:37:30,3
46070200,2026-05-08 14:03:25,5
46070214,2026-05-08 14:04:35,2
46070219,2026-05-08 14:05:00,4
46070329,2026-05-08 14:14:20,3
46070885,2026-05-08 15:01:20,8
46070961,2026-05-08 15:07:45,10
46070969,2026-05-08 15:08:25,3
46071026,2026-05-08 15:13:10,3
46071646,2026-05-08 16:05:40,4
46071761,2026-05-08 16:15:20,21
46072164,2026-05-08 16:49:25,3
46072236,2026-05-08 16:55:30,2
46072429,2026-05-08 17:12:05,3
46073199,2026-05-08 18:17:30,2
46073296,2026-05-08 18:25:45,2
46073504,2026-05-08 18:43:15,5
46073516,2026-05-08 18:44:20,3
46073671,2026-05-08 18:57:35,4
46074004,2026-05-08 19:26:00,2
46074257,2026-05-08 19:47:45,3
46074319,2026-05-08 19:53:05,2
46074387,2026-05-08 19:58:50,3
46074527,2026-05-08 20:10:45,2
46074630,2026-05-08 20:19:20,3
46074668,2026-05-08 20:22:40,3
46074836,2026-05-08 20:37:05,2
46075036,2026-05-08 20:54:15,2
46075110,2026-05-08 21:00:30,3
46075229,2026-05-08 21:10:35,3
46075767,2026-05-08 21:56:20,10
46076000,2026-05-08 22:16:00,5
46076260,2026-05-08 22:38:10,2
46076484,2026-05-08 22:57:00,2
46076690,2026-05-08 23:14:50,2
46077332,2026-05-09 00:09:55,2
46077385,2026-05-09 00:14:35,2
46077681,2026-05-09 00:39:45,2
46077783,2026-05-09 00:48:25,2
46077878,2026-05-09 00:56:40,2
46078009,2026-05-09 01:08:00,2
46078014,2026-05-09 01:08:25,4
46078192,2026-05-09 01:23:25,2
46078217,2026-05-09 01:25:30,5
46078274,2026-05-09 01:30:30,3
46078290,2026-05-09 01:31:50,13
46078307,2026-05-09 01:33:20,2
46078310,2026-05-09 01:33:35,3
46078313,2026-05-09 01:33:50,3
46078375,2026-05-09 01:39:05,3
46078378,2026-05-09 01:39:20,12
46078431,2026-05-09 01:44:00,4
46078441,2026-05-09 01:44:55,3
46078511,2026-05-09 01:50:55,10
46078527,2026-05-09 01:52:15,2
46078618,2026-05-09 01:59:55,3
46078743,2026-05-09 02:10:30,2
46078790,2026-05-09 02:14:30,2
46078795,2026-05-09 02:14:55,4
46078808,2026-05-09 02:16:05,5
46078829,2026-05-09 02:17:50,4
46078837,2026-05-09 02:18:30,2
46078867,2026-05-09 02:21:05,3
46078941,2026-05-09 02:27:15,4
46078975,2026-05-09 02:30:05,2
46079062,2026-05-09 02:37:25,2
46079253,2026-05-09 02:53:35,6
46079254,2026-05-09 02:53:40,4
46079255,2026-05-09 02:53:45,2
46079260,2026-05-09 02:54:10,2
46079333,2026-05-09 03:00:20,2
46079515,2026-05-09 03:15:45,3
46079631,2026-05-09 03:25:40,2
46079871,2026-05-09 03:46:30,2
46079879,2026-05-09 03:47:10,2
46080060,2026-05-09 04:02:35,4
46080083,2026-05-09 04:04:30,2
46080370,2026-05-09 04:29:20,3
46080594,2026-05-09 04:48:15,2
46080652,2026-05-09 04:53:05,3
46080738,2026-05-09 05:00:20,6
46081335,2026-05-09 05:50:55,4
46082055,2026-05-09 06:52:00,13
46082166,2026-05-09 07:01:35,10
46082279,2026-05-09 07:11:30,4
46082619,2026-05-09 07:40:35,3
46082804,2026-05-09 07:56:15,6
46082975,2026-05-09 08:10:55,2
46083109,2026-05-09 08:22:10,3
46083142,2026-05-09 08:24:55,4
46083562,2026-05-09 09:00:30,2
46083916,2026-05-09 09:30:10,2
46083920,2026-05-09 09:30:30,2
46083988,2026-05-09 09:36:10,3
46084448,2026-05-09 10:15:10,3
46084615,2026-05-09 10:29:40,3
46084633,2026-05-09 10:31:10,3
46084650,2026-05-09 10:32:35,2
46084656,2026-05-09 10:33:05,9
46084768,2026-05-09 10:42:30,4
46085670,2026-05-09 11:59:45,2
46085819,2026-05-09 12:12:20,5
46085903,2026-05-09 12:19:35,2
46085977,2026-05-09 12:25:55,2
46086078,2026-05-09 12:34:30,2
46086111,2026-05-09 12:37:15,2
46086114,2026-05-09 12:37:30,5
46086185,2026-05-09 12:43:30,2
46086332,2026-05-09 12:56:00,2
46086475,2026-05-09 13:08:15,3
46086769,2026-05-09 13:33:05,2
46086919,2026-05-09 13:45:40,2
46087036,2026-05-09 13:55:40,3
46087057,2026-05-09 13:57:35,2
46087073,2026-05-09 13:58:55,4
46087127,2026-05-09 14:03:40,2
46087142,2026-05-09 14:05:00,5
46087206,2026-05-09 14:10:20,2
46087380,2026-05-09 14:25:20,8
46087488,2026-05-09 14:34:40,5
46087588,2026-05-09 14:43:20,8
46087621,2026-05-09 14:46:10,3
46087669,2026-05-09 14:50:10,2
46087702,2026-05-09 14:53:05,4
46087782,2026-05-09 14:59:55,6
46088029,2026-05-09 15:20:55,4
46088265,2026-05-09 15:40:55,2
46088291,2026-05-09 15:43:10,2
46088313,2026-05-09 15:45:00,3
46088325,2026-05-09 15:46:00,2
46088373,2026-05-09 15:50:05,3
46088448,2026-05-09 15:56:30,3
46089098,2026-05-09 16:51:45,2
46089208,2026-05-09 17:01:05,2
46089224,2026-05-09 17:02:30,3
46089238,2026-05-09 17:03:45,25
46089492,2026-05-09 17:25:35,18
46089528,2026-05-09 17:28:40,5
46089681,2026-05-09 17:41:35,6
46089755,2026-05-09 17:47:55,2
46089817,2026-05-09 17:53:05,5
46089837,2026-05-09 17:54:50,4
46089957,2026-05-09 18:04:50,3
46089961,2026-05-09 18:05:10,4
46090084,2026-05-09 18:15:45,4
46090353,2026-05-09 18:38:55,3
46090516,2026-05-09 18:52:40,3
46090680,2026-05-09 19:06:45,5
46090691,2026-05-09 19:07:40,2
46091174,2026-05-09 19:48:50,4
46091234,2026-05-09 19:53:50,2
46091578,2026-05-09 20:23:10,4
46092530,2026-05-09 21:44:20,4
46093016,2026-05-09 22:25:25,4
46094536,2026-05-10 00:34:15,4
46094823,2026-05-10 00:58:40,4
46095137,2026-05-10 01:25:25,6
46095160,2026-05-10 01:27:20,3
46095252,2026-05-10 01:35:05,3
46095321,2026-05-10 01:40:55,7
46095431,2026-05-10 01:50:20,3
46095913,2026-05-10 02:31:20,5
46096014,2026-05-10 02:39:55,3
46096126,2026-05-10 02:49:30,3
46096203,2026-05-10 02:55:55,2
46096720,2026-05-10 03:40:25,4
46097076,2026-05-10 04:10:40,2
46097517,2026-05-10 04:48:50,3
46097617,2026-05-10 04:57:20,2
46097633,2026-05-10 04:58:40,2
46097646,2026-05-10 04:59:45,2
46097746,2026-05-10 05:08:15,3
46097925,2026-05-10 05:23:40,2
46097981,2026-05-10 05:28:30,3
46098001,2026-05-10 05:30:15,2
46098103,2026-05-10 05:38:55,3
46098142,2026-05-10 05:42:20,6
46098285,2026-05-10 05:54:25,5
46098519,2026-05-10 06:14:20,3
46098666,2026-05-10 06:27:00,2
46098900,2026-05-10 06:47:30,4
46098977,2026-05-10 06:54:00,3
46099085,2026-05-10 07:03:20,2
46099175,2026-05-10 07:11:15,3
46099408,2026-05-10 07:31:30,2
46099472,2026-05-10 07:37:05,3
46099633,2026-05-10 07:51:10,2
46099636,2026-05-10 07:51:25,6
46099637,2026-05-10 07:51:30,5
46099640,2026-05-10 07:51:45,3
46099648,2026-05-10 07:52:25,4
46099731,2026-05-10 07:59:25,3
46099746,2026-05-10 08:00:40,2
46099778,2026-05-10 08:03:25,2
46099878,2026-05-10 08:12:00,5
46099880,2026-05-10 08:12:10,3
46099882,2026-05-10 08:12:20,4
46099885,2026-05-10 08:12:35,3
46099948,2026-05-10 08:18:10,5
46099966,2026-05-10 08:19:40,2
46099997,2026-05-10 08:22:15,5
46100131,2026-05-10 08:33:40,3
46100364,2026-05-10 08:53:20,2
46100367,2026-05-10 08:53:35,2
46100433,2026-05-10 08:59:15,3
46100573,2026-05-10 09:11:15,2
46100680,2026-05-10 09:20:20,2
46100795,2026-05-10 09:29:55,2
46101169,2026-05-10 10:01:25,2
46101207,2026-05-10 10:04:40,5
46101457,2026-05-10 10:25:55,2
46101484,2026-05-10 10:28:10,4
46101509,2026-05-10 10:30:25,6
46101550,2026-05-10 10:33:50,3
46101609,2026-05-10 10:38:50,5
46101613,2026-05-10 10:39:10,2
46101663,2026-05-10 10:43:20,5
46102531,2026-05-10 11:57:50,5
46102636,2026-05-10 12:06:45,3
46102837,2026-05-10 12:23:45,4
46102918,2026-05-10 12:30:40,7
46102955,2026-05-10 12:33:50,6
46103295,2026-05-10 13:02:30,2
46103369,2026-05-10 13:08:40,4
46103663,2026-05-10 13:33:55,4
46103690,2026-05-10 13:36:10,3
46103742,2026-05-10 13:40:30,3
46104008,2026-05-10 14:03:10,4
46104132,2026-05-10 14:13:40,5
46104197,2026-05-10 14:19:15,2
46104280,2026-05-10 14:26:20,5
46104292,2026-05-10 14:27:20,2
46104473,2026-05-10 14:43:05,4
46104531,2026-05-10 14:48:05,6
46104542,2026-05-10 14:49:05,5
46104716,2026-05-10 15:03:55,5
46104894,2026-05-10 15:19:30,6
46104899,2026-05-10 15:20:00,6
46104952,2026-05-10 15:24:30,4
46104990,2026-05-10 15:27:40,7
46105018,2026-05-10 15:30:00,3
46105110,2026-05-10 15:37:40,2
46105363,2026-05-10 15:59:20,7
46105889,2026-05-10 16:44:35,9
46105938,2026-05-10 16:48:45,6
46105970,2026-05-10 16:51:30,2
46106098,2026-05-10 17:02:35,7
46106340,2026-05-10 17:23:40,3
46106433,2026-05-10 17:31:40,4
46106516,2026-05-10 17:38:50,3
46106536,2026-05-10 17:40:30,2
46106573,2026-05-10 17:43:40,4
46106577,2026-05-10 17:44:00,3
46106814,2026-05-10 18:04:20,4
46106832,2026-05-10 18:05:55,2
46106958,2026-05-10 18:16:30,4
46106995,2026-05-10 18:19:40,2
46107154,2026-05-10 18:33:40,2
46107256,2026-05-10 18:42:15,26
46107613,2026-05-10 19:12:55,5
46107749,2026-05-10 19:24:20,6
46107806,2026-05-10 19:29:10,2
46107983,2026-05-10 19:44:10,8
46108014,2026-05-10 19:46:50,3
46108144,2026-05-10 19:57:45,2
46108156,2026-05-10 19:58:55,3
46108920,2026-05-10 21:04:05,2
46109525,2026-05-10 21:55:45,3
46109622,2026-05-10 22:03:55,2
46109943,2026-05-10 22:30:45,3
46110006,2026-05-10 22:36:00,5
46110172,2026-05-10 22:50:25,4
46111027,2026-05-11 00:03:30,3
46111639,2026-05-11 00:55:50,3
46111829,2026-05-11 01:12:05,5
46111996,2026-05-11 01:26:30,2
46112339,2026-05-11 01:55:45,2
46112371,2026-05-11 01:58:35,2
46112461,2026-05-11 02:06:20,7
46112724,2026-05-11 02:28:35,3
46112832,2026-05-11 02:37:40,2
46112854,2026-05-11 02:39:35,4
46113007,2026-05-11 02:52:45,6
46113299,2026-05-11 03:17:10,4
46113594,2026-05-11 03:42:35,5
46113903,2026-05-11 04:09:05,4
46114036,2026-05-11 04:20:25,2
46114688,2026-05-11 05:16:10,9
46114757,2026-05-11 05:22:15,5
46114953,2026-05-11 05:38:55,2
46115329,2026-05-11 06:10:55,3
46115399,2026-05-11 06:16:50,11
46115619,2026-05-11 06:35:35,2
46115724,2026-05-11 06:44:40,5
46115839,2026-05-11 06:54:40,4
46115978,2026-05-11 07:06:30,6
46115990,2026-05-11 07:07:30,3
46115996,2026-05-11 07:08:05,3
46116212,2026-05-11 07:26:30,4
46116239,2026-05-11 07:28:50,2
46116323,2026-05-11 07:36:05,3
46116345,2026-05-11 07:38:05,2
46116490,2026-05-11 07:50:20,4
46116505,2026-05-11 07:51:35,3
46116540,2026-05-11 07:54:40,4
46116570,2026-05-11 07:57:15,4
46116913,2026-05-11 08:26:55,6
46116980,2026-05-11 08:32:45,4
46117051,2026-05-11 08:38:45,4
46117106,2026-05-11 08:43:30,5
46117240,2026-05-11 08:54:50,2
46117254,2026-05-11 08:56:05,11
46117257,2026-05-11 08:56:20,2
46117290,2026-05-11 08:59:10,6
46117365,2026-05-11 09:05:30,7
46117469,2026-05-11 09:14:40,6
46117624,2026-05-11 09:27:50,5
46117925,2026-05-11 09:53:35,3
46118092,2026-05-11 10:07:45,4
46118127,2026-05-11 10:10:50,8
46118212,2026-05-11 10:18:15,2
46118307,2026-05-11 10:26:20,5
46118341,2026-05-11 10:29:10,3
46118373,2026-05-11 10:31:50,5
46118427,2026-05-11 10:36:30,8
46118723,2026-05-11 11:01:50,3
46118775,2026-05-11 11:06:15,4
46118820,2026-05-11 11:10:10,5
46118845,2026-05-11 11:12:15,2
46118946,2026-05-11 11:20:55,6
46118948,2026-05-11 11:21:05,4
46119309,2026-05-11 11:51:45,2
46119312,2026-05-11 11:52:00,2
46119357,2026-05-11 11:55:45,2
46119705,2026-05-11 12:25:30,3
46119711,2026-05-11 12:26:00,3
46119789,2026-05-11 12:32:45,3
46119801,2026-05-11 12:33:45,2
46119879,2026-05-11 12:40:25,3
46120258,2026-05-11 13:12:45,2
46120352,2026-05-11 13:20:45,2
46120554,2026-05-11 13:37:50,3
46120806,2026-05-11 13:59:15,4
46121114,2026-05-11 14:25:25,3
46121121,2026-05-11 14:26:00,4
46121149,2026-05-11 14:28:25,2
46121482,2026-05-11 14:56:45,5
46121582,2026-05-11 15:05:25,2
46121892,2026-05-11 15:32:05,5
46121914,2026-05-11 15:34:00,4
46121932,2026-05-11 15:35:30,2
46121958,2026-05-11 15:37:55,3
46122033,2026-05-11 15:44:25,3
46122043,2026-05-11 15:45:20,2
46122144,2026-05-11 15:54:05,2
46122248,2026-05-11 16:02:45,2
46122424,2026-05-11 16:17:40,3
46122453,2026-05-11 16:20:05,2
46122869,2026-05-11 16:56:00,6
46122879,2026-05-11 16:56:50,2
46122909,2026-05-11 16:59:20,4
46123000,2026-05-11 17:07:05,2
46123053,2026-05-11 17:11:35,2
46123215,2026-05-11 17:25:40,2
46123613,2026-05-11 17:59:40,2
46124026,2026-05-11 18:34:55,3
46124056,2026-05-11 18:37:35,8
46124560,2026-05-11 19:20:40,4
46124810,2026-05-11 19:42:00,3
46124853,2026-05-11 19:45:40,2
46124870,2026-05-11 19:47:10,2
46125056,2026-05-11 20:03:00,2
46125095,2026-05-11 20:06:20,2
46125195,2026-05-11 20:14:45,4
46125278,2026-05-11 20:21:45,3
46125301,2026-05-11 20:23:45,4
46125312,2026-05-11 20:24:45,3
46125340,2026-05-11 20:27:05,2
46125549,2026-05-11 20:44:50,5
46125588,2026-05-11 20:48:05,6
46125996,2026-05-11 21:23:05,2
46126010,2026-05-11 21:24:15,9
46126238,2026-05-11 21:43:50,13
46126299,2026-05-11 21:49:05,4
46126435,2026-05-11 22:00:40,5
46126942,2026-05-11 22:43:35,4
46127008,2026-05-11 22:49:10,2
46127031,2026-05-11 22:51:05,2
46127124,2026-05-11 22:58:55,2
46127133,2026-05-11 22:59:40,2
46127188,2026-05-11 23:04:15,3
46127272,2026-05-11 23:11:30,3
46127333,2026-05-11 23:16:35,2
46127357,2026-05-11 23:18:35,9
46127559,2026-05-11 23:36:00,2
46127681,2026-05-11 23:46:15,2
46128165,2026-05-12 00:27:40,3
46128180,2026-05-12 00:29:00,3
46128182,2026-05-12 00:29:10,4
46128281,2026-05-12 00:37:45,2
46128780,2026-05-12 01:20:30,5
46128874,2026-05-12 01:28:40,3
46128994,2026-05-12 01:38:50,12
46129368,2026-05-12 02:10:45,2
46129439,2026-05-12 02:16:50,5
46129680,2026-05-12 02:37:35,2
46129906,2026-05-12 02:56:55,3
46129945,2026-05-12 03:00:10,2
46129991,2026-05-12 03:04:05,2
46130015,2026-05-12 03:06:15,4
46130148,2026-05-12 03:17:35,4
46130159,2026-05-12 03:18:30,2
46130236,2026-05-12 03:25:00,7
46130290,2026-05-12 03:29:40,2
46130366,2026-05-12 03:36:10,5
46130454,2026-05-12 03:43:35,4
46130630,2026-05-12 03:58:20,3
46130649,2026-05-12 03:59:55,3
46130738,2026-05-12 04:07:35,4
46130866,2026-05-12 04:18:25,2
46131160,2026-05-12 04:43:40,8
46131264,2026-05-12 04:52:30,3
46131316,2026-05-12 04:57:00,4
46131441,2026-05-12 05:07:35,3
46131443,2026-05-12 05:07:45,5
46131466,2026-05-12 05:09:40,4
46131468,2026-05-12 05:09:50,3
46131555,2026-05-12 05:17:30,2
46131780,2026-05-12 05:36:45,3
46131788,2026-05-12 05:37:30,6
46131789,2026-05-12 05:37:35,4
46131790,2026-05-12 05:37:40,5
46131791,2026-05-12 05:37:45,4
46131851,2026-05-12 05:42:55,4
46131877,2026-05-12 05:45:15,3
46131899,2026-05-12 05:47:05,3
46131906,2026-05-12 05:47:40,8
46131913,2026-05-12 05:48:20,3
46131948,2026-05-12 05:51:15,3
46132046,2026-05-12 05:59:50,10
46132218,2026-05-12 06:14:40,2
46132314,2026-05-12 06:22:55,4
46132554,2026-05-12 06:43:25,7
46132596,2026-05-12 06:47:05,4
46132601,2026-05-12 06:47:30,5
46132615,2026-05-12 06:48:50,3
46132617,2026-05-12 06:49:00,3
46132641,2026-05-12 06:51:10,3
46132721,2026-05-12 06:58:10,3
46132872,2026-05-12 07:11:00,13
46132949,2026-05-12 07:17:25,155
46133039,2026-05-12 07:25:25,4
46133064,2026-05-12 07:27:35,5
46133096,2026-05-12 07:30:15,2
46133135,2026-05-12 07:33:30,4
46133205,2026-05-12 07:39:25,4
46133219,2026-05-12 07:40:35,2
46133233,2026-05-12 07:41:45,4
46133302,2026-05-12 07:47:40,3
46133401,2026-05-12 07:56:05,2
46133438,2026-05-12 07:59:15,2
46133496,2026-05-12 08:04:15,6
46133538,2026-05-12 08:07:50,5
46133610,2026-05-12 08:13:50,11
46133719,2026-05-12 08:23:00,2
46133789,2026-05-12 08:29:00,3
46133822,2026-05-12 08:31:45,2
46133874,2026-05-12 08:36:15,3
46133899,2026-05-12 08:38:20,3
46133958,2026-05-12 08:43:20,4
46133975,2026-05-12 08:44:55,3
46134053,2026-05-12 08:51:45,4
46134057,2026-05-12 08:52:05,6
46134208,2026-05-12 09:05:00,6
46134364,2026-05-12 09:18:15,6
46134404,2026-05-12 09:21:35,8
46134462,2026-05-12 09:26:45,3
46134497,2026-05-12 09:29:40,4
46134500,2026-05-12 09:29:55,4
46134504,2026-05-12 09:30:15,10
46134555,2026-05-12 09:34:45,2
46134595,2026-05-12 09:38:05,2
46134657,2026-05-12 09:43:15,3
46134664,2026-05-12 09:43:50,3
46135111,2026-05-12 10:21:45,8
46135182,2026-05-12 10:27:45,2
46135342,2026-05-12 10:41:30,10
46135475,2026-05-12 10:52:50,4
46135487,2026-05-12 10:53:50,3
46135553,2026-05-12 10:59:35,3
46135566,2026-05-12 11:00:40,4
46135798,2026-05-12 11:20:30,3
46135831,2026-05-12 11:23:15,2
46136061,2026-05-12 11:42:40,2
46136176,2026-05-12 11:52:35,11
46136328,2026-05-12 12:05:30,11
46136365,2026-05-12 12:08:40,4
46136518,2026-05-12 12:21:50,4
46136539,2026-05-12 12:23:35,2
46136806,2026-05-12 12:46:45,7
46136869,2026-05-12 12:52:15,9
46137024,2026-05-12 13:05:20,4
46137043,2026-05-12 13:06:55,2
46137047,2026-05-12 13:07:15,3
46137078,2026-05-12 13:09:55,3
46137265,2026-05-12 13:25:35,4
46137313,2026-05-12 13:29:45,4
46137503,2026-05-12 13:46:00,2
46137724,2026-05-12 14:04:55,2
46137849,2026-05-12 14:15:45,6
46137940,2026-05-12 14:23:25,2
46137948,2026-05-12 14:24:05,6
46138094,2026-05-12 14:36:30,2
46138156,2026-05-12 14:41:50,2
46138434,2026-05-12 15:05:10,3
46138466,2026-05-12 15:07:55,3
46138651,2026-05-12 15:23:45,2
46139159,2026-05-12 16:06:55,4
46139310,2026-05-12 16:19:30,2
46139707,2026-05-12 16:53:20,3
46139780,2026-05-12 16:59:35,2
46140184,2026-05-12 17:34:15,2
46140325,2026-05-12 17:46:20,4
46140909,2026-05-12 18:35:55,2
46141404,2026-05-12 19:18:20,3
46141429,2026-05-12 19:20:30,8
46141479,2026-05-12 19:24:45,8
46141522,2026-05-12 19:28:30,6
46141663,2026-05-12 19:40:40,2
46141698,2026-05-12 19:43:55,3
46141742,2026-05-12 19:47:35,2
46141743,2026-05-12 19:47:40,3
46141762,2026-05-12 19:49:15,9
46141767,2026-05-12 19:49:40,2
46141772,2026-05-12 19:50:05,2
46141836,2026-05-12 19:55:45,9
46142117,2026-05-12 20:19:40,3
46142119,2026-05-12 20:19:50,3
46142176,2026-05-12 20:24:35,3
46142267,2026-05-12 20:32:20,2
46142391,2026-05-12 20:42:45,2
46142557,2026-05-12 20:57:10,2
46142647,2026-05-12 21:04:50,2
46142658,2026-05-12 21:05:45,6
46143516,2026-05-12 22:19:15,2
46143608,2026-05-12 22:26:55,2
46143610,2026-05-12 22:27:05,2
46143784,2026-05-12 22:42:15,3
46143817,2026-05-12 22:45:00,2
46143834,2026-05-12 22:46:30,9
46143899,2026-05-12 22:52:00,3
46143903,2026-05-12 22:52:20,8
46143906,2026-05-12 22:52:35,2
46143959,2026-05-12 22:57:05,8
46144193,2026-05-12 23:17:00,3
46144308,2026-05-12 23:26:45,3
46144380,2026-05-12 23:33:05,2
46144745,2026-05-13 00:03:55,2
46144784,2026-05-13 00:07:10,3
46144901,2026-05-13 00:17:00,4
46145010,2026-05-13 00:26:20,3
46145064,2026-05-13 00:31:00,4
46145124,2026-05-13 00:36:05,2
46145223,2026-05-13 00:44:40,2
46145248,2026-05-13 00:46:55,3
46145415,2026-05-13 01:01:05,14
46145480,2026-05-13 01:06:45,2
46145492,2026-05-13 01:07:50,2
46145497,2026-05-13 01:08:15,4
46145501,2026-05-13 01:08:35,4
46145591,2026-05-13 01:16:15,2
46145594,2026-05-13 01:16:30,3
46145684,2026-05-13 01:24:10,7
46145694,2026-05-13 01:25:00,4
46145695,2026-05-13 01:25:05,4
46145736,2026-05-13 01:28:30,3
46145740,2026-05-13 01:28:50,3
46145744,2026-05-13 01:29:10,8
46145765,2026-05-13 01:30:55,7
46145790,2026-05-13 01:33:00,4
46145792,2026-05-13 01:33:10,6
46145851,2026-05-13 01:38:10,5
46145854,2026-05-13 01:38:25,5
46145879,2026-05-13 01:40:30,4
46145896,2026-05-13 01:42:05,3
46145925,2026-05-13 01:44:30,3
46145939,2026-05-13 01:45:40,9
46145950,2026-05-13 01:46:40,8
46145951,2026-05-13 01:46:45,3
46146003,2026-05-13 01:51:15,3
46146021,2026-05-13 01:52:45,4
46146023,2026-05-13 01:52:55,4
46146037,2026-05-13 01:54:20,3
46146059,2026-05-13 01:56:15,3
46146083,2026-05-13 01:58:20,5
46146303,2026-05-13 02:17:20,4
46146313,2026-05-13 02:18:10,6
46146382,2026-05-13 02:24:00,2
46146463,2026-05-13 02:30:55,2
46146484,2026-05-13 02:32:40,2
46146538,2026-05-13 02:37:10,5
46146558,2026-05-13 02:38:55,6
46146560,2026-05-13 02:39:05,9
46146569,2026-05-13 02:39:50,2
46146580,2026-05-13 02:40:45,3
46146585,2026-05-13 02:41:10,4
46146639,2026-05-13 02:45:40,7
46146652,2026-05-13 02:46:45,4
46146672,2026-05-13 02:48:30,5
46146684,2026-05-13 02:49:30,3
46146747,2026-05-13 02:54:50,7
46146748,2026-05-13 02:54:55,5
46146760,2026-05-13 02:55:55,6
46146771,2026-05-13 02:56:50,6
46146772,2026-05-13 02:56:55,2
46146800,2026-05-13 02:59:15,3
46146856,2026-05-13 03:03:55,4
46146858,2026-05-13 03:04:05,7
46146966,2026-05-13 03:13:10,4
46146967,2026-05-13 03:13:15,4
46146969,2026-05-13 03:13:25,9
46146974,2026-05-13 03:13:50,8
46146994,2026-05-13 03:15:30,3
46147023,2026-05-13 03:18:10,7
46147032,2026-05-13 03:18:55,4
46147081,2026-05-13 03:23:10,5
46147084,2026-05-13 03:23:25,11
46147126,2026-05-13 03:27:10,8
46147141,2026-05-13 03:28:25,3
46147150,2026-05-13 03:29:10,7
46147338,2026-05-13 03:45:05,5
46147387,2026-05-13 03:49:10,6
46147425,2026-05-13 03:52:30,3
46147426,2026-05-13 03:52:35,8
46147467,2026-05-13 03:56:20,4
46147484,2026-05-13 03:57:45,4
46147499,2026-05-13 03:59:00,2
46147560,2026-05-13 04:04:10,8
46147596,2026-05-13 04:07:10,4
46147666,2026-05-13 04:13:00,4
46147718,2026-05-13 04:17:25,7
46147723,2026-05-13 04:17:50,4
46147736,2026-05-13 04:18:55,9
46147743,2026-05-13 04:19:30,2
46147844,2026-05-13 04:28:10,2
46147988,2026-05-13 04:40:20,7
46148060,2026-05-13 04:46:30,2
46148066,2026-05-13 04:47:00,2
46148097,2026-05-13 04:49:40,7
46148103,2026-05-13 04:50:10,5
46148151,2026-05-13 04:54:20,2
46148192,2026-05-13 04:57:50,3
46148208,2026-05-13 04:59:10,2
46148238,2026-05-13 05:01:40,2
46148254,2026-05-13 05:03:00,3
46148260,2026-05-13 05:03:30,2
46148282,2026-05-13 05:05:25,3
46148345,2026-05-13 05:11:00,8
46148353,2026-05-13 05:11:40,8
46148356,2026-05-13 05:11:55,6
46148357,2026-05-13 05:12:00,3
46148408,2026-05-13 05:16:15,2
46148416,2026-05-13 05:16:55,7
46148441,2026-05-13 05:19:00,4
46148443,2026-05-13 05:19:10,6
46148465,2026-05-13 05:21:00,11
46148523,2026-05-13 05:25:55,2
46148526,2026-05-13 05:26:10,2
46148533,2026-05-13 05:26:50,7
46148536,2026-05-13 05:27:05,7
46148554,2026-05-13 05:28:35,9
46148585,2026-05-13 05:31:10,14
46148625,2026-05-13 05:34:40,8
46148656,2026-05-13 05:37:25,3
46148712,2026-05-13 05:42:25,2
46148756,2026-05-13 05:46:05,6
46148757,2026-05-13 05:46:10,6
46148761,2026-05-13 05:46:30,3
46148786,2026-05-13 05:48:40,2
46148857,2026-05-13 05:54:40,2
46149000,2026-05-13 06:06:55,8
46149065,2026-05-13 06:12:20,3
46149069,2026-05-13 06:12:40,2
46149078,2026-05-13 06:13:30,2
46149165,2026-05-13 06:20:55,12
46149189,2026-05-13 06:22:55,2
46149211,2026-05-13 06:24:45,2
46149213,2026-05-13 06:24:55,8
46149260,2026-05-13 06:28:55,6
46149270,2026-05-13 06:29:45,2
46149350,2026-05-13 06:36:40,2
46149355,2026-05-13 06:37:10,7
46149474,2026-05-13 06:47:20,4
46149491,2026-05-13 06:48:55,2
46149515,2026-05-13 06:50:55,3
46149547,2026-05-13 06:53:40,7
46149629,2026-05-13 07:00:50,5
46149651,2026-05-13 07:02:45,3
46149677,2026-05-13 07:04:55,12
46149696,2026-05-13 07:06:30,4
46149739,2026-05-13 07:10:20,2
46149853,2026-05-13 07:20:10,3
46149974,2026-05-13 07:30:25,5
46150057,2026-05-13 07:37:40,10
46150092,2026-05-13 07:40:45,2
46150210,2026-05-13 07:50:40,5
46150265,2026-05-13 07:55:40,2
46150400,2026-05-13 08:07:15,4
46150467,2026-05-13 08:12:55,5
46150474,2026-05-13 08:13:30,2
46150530,2026-05-13 08:18:15,3
46150532,2026-05-13 08:18:25,2
46150549,2026-05-13 08:19:55,6
46150682,2026-05-13 08:31:10,5
46151868,2026-05-13 10:12:10,2
46151933,2026-05-13 10:17:40,2
46151968,2026-05-13 10:20:40,3
46152050,2026-05-13 10:27:40,3
46152089,2026-05-13 10:30:55,2
46152217,2026-05-13 10:41:45,3
46152319,2026-05-13 10:50:25,2
46152387,2026-05-13 10:56:10,3
46152636,2026-05-13 11:17:10,2
46152963,2026-05-13 11:45:05,2
46153164,2026-05-13 12:02:30,3
46153220,2026-05-13 12:07:10,3
46153519,2026-05-13 12:32:30,5
46153612,2026-05-13 12:40:25,9
46153664,2026-05-13 12:44:45,2
46153935,2026-05-13 13:07:40,2
46154160,2026-05-13 13:26:55,2
46154210,2026-05-13 13:31:05,8
46154477,2026-05-13 13:53:40,2
46154760,2026-05-13 14:17:40,3
46154774,2026-05-13 14:18:50,3
46154856,2026-05-13 14:25:50,3
46154998,2026-05-13 14:38:10,2
46155003,2026-05-13 14:38:35,4
46155236,2026-05-13 14:58:20,2
46155655,2026-05-13 15:34:40,2
46155685,2026-05-13 15:37:10,2
46155713,2026-05-13 15:39:35,2
46155715,2026-05-13 15:39:50,2
46155739,2026-05-13 15:41:50,2
46155847,2026-05-13 15:51:05,2
46155903,2026-05-13 15:55:50,2
46155966,2026-05-13 16:01:10,2
46156001,2026-05-13 16:04:10,2
46156526,2026-05-13 16:48:55,3
46156577,2026-05-13 16:53:15,2
46156693,2026-05-13 17:03:15,3
46156848,2026-05-13 17:16:25,2
46156941,2026-05-13 17:24:20,3
46156978,2026-05-13 17:27:35,2
46157034,2026-05-13 17:32:20,2
46157562,2026-05-13 18:17:10,3
46157749,2026-05-13 18:33:15,4
46157874,2026-05-13 18:44:00,6
46157880,2026-05-13 18:44:30,2
46157962,2026-05-13 18:51:25,3
46158103,2026-05-13 19:03:25,2
46158598,2026-05-13 19:45:45,3
46158844,2026-05-13 20:06:15,3
46158884,2026-05-13 20:09:40,4
46158920,2026-05-13 20:12:45,4
46159003,2026-05-13 20:19:50,4
46159023,2026-05-13 20:21:35,3
46159028,2026-05-13 20:22:00,6
46159202,2026-05-13 20:36:55,2
46159299,2026-05-13 20:45:30,4
46159359,2026-05-13 20:50:30,5
46159422,2026-05-13 20:55:45,2
46159513,2026-05-13 21:03:35,5
46159662,2026-05-13 21:16:05,2
46160012,2026-05-13 21:46:05,3
46160045,2026-05-13 21:49:00,3
46160159,2026-05-13 21:58:40,2
46160358,2026-05-13 22:15:55,2
46160398,2026-05-13 22:19:15,2
46160464,2026-05-13 22:25:00,3
46160569,2026-05-13 22:33:50,3
46161841,2026-05-14 00:22:00,2
46161873,2026-05-14 00:24:45,2
46161895,2026-05-14 00:26:40,2
46162322,2026-05-14 01:03:25,3
46162373,2026-05-14 01:07:45,3
46162764,2026-05-14 01:41:05,2
46162766,2026-05-14 01:41:15,2
46163108,2026-05-14 02:10:10,2
46163320,2026-05-14 02:28:55,3
46163371,2026-05-14 02:33:10,2
46163472,2026-05-14 02:41:35,2
46163483,2026-05-14 02:42:35,2
46163537,2026-05-14 02:47:10,3
46163585,2026-05-14 02:51:10,4
46163705,2026-05-14 03:01:25,4
46164035,2026-05-14 03:29:40,2
46164045,2026-05-14 03:30:30,3
46164194,2026-05-14 03:43:20,3
46164202,2026-05-14 03:44:00,2
46164414,2026-05-14 04:01:55,3
46164439,2026-05-14 04:04:05,4
46164497,2026-05-14 04:09:00,3
46164892,2026-05-14 04:42:40,2
46165050,2026-05-14 04:56:10,2
46165104,2026-05-14 05:00:55,7
46165182,2026-05-14 05:07:30,2
46165251,2026-05-14 05:13:20,3
46165262,2026-05-14 05:14:15,2
46165542,2026-05-14 05:37:55,2
46165702,2026-05-14 05:51:50,5
46165794,2026-05-14 05:59:45,3
46166225,2026-05-14 06:36:05,3
46166330,2026-05-14 06:45:05,3
46166382,2026-05-14 06:49:30,2
46166649,2026-05-14 07:12:10,2
46166676,2026-05-14 07:14:25,4
46166681,2026-05-14 07:14:50,2
46166780,2026-05-14 07:23:10,2
46166884,2026-05-14 07:32:00,3
46166891,2026-05-14 07:32:35,2
46167389,2026-05-14 08:15:05,3
46167462,2026-05-14 08:21:15,3
46167721,2026-05-14 08:43:20,2
46167729,2026-05-14 08:44:00,4
46167827,2026-05-14 08:52:25,4
46167986,2026-05-14 09:06:35,3
46168009,2026-05-14 09:08:30,3
46168055,2026-05-14 09:12:20,3
46168297,2026-05-14 09:33:20,3
46168401,2026-05-14 09:42:05,3
46168502,2026-05-14 09:50:35,2
46168679,2026-05-14 10:06:00,4
46168813,2026-05-14 10:17:25,3
46168957,2026-05-14 10:29:40,3
46169000,2026-05-14 10:33:20,2
46169173,2026-05-14 10:47:50,4
46169347,2026-05-14 11:03:20,4
46169363,2026-05-14 11:04:40,3
46169421,2026-05-14 11:09:40,5
46169442,2026-05-14 11:11:30,2
46169540,2026-05-14 11:19:55,3
46169542,2026-05-14 11:20:05,2
46169557,2026-05-14 11:21:20,2
46169573,2026-05-14 11:22:40,3
46169577,2026-05-14 11:23:00,3
46169601,2026-05-14 11:25:00,4
46169654,2026-05-14 11:29:30,3
46169841,2026-05-14 11:45:45,2
46170058,2026-05-14 12:04:15,3
46170157,2026-05-14 12:12:35,2
46170528,2026-05-14 12:44:20,5
46170635,2026-05-14 12:53:30,6
46170680,2026-05-14 12:57:20,4
46170682,2026-05-14 12:57:35,9
46170700,2026-05-14 12:59:10,4
46170841,2026-05-14 13:11:00,3
46171574,2026-05-14 14:14:10,5
46171716,2026-05-14 14:26:25,4
46171770,2026-05-14 14:31:05,7
46171917,2026-05-14 14:43:50,4
46171918,2026-05-14 14:43:55,4
46172433,2026-05-14 15:27:40,4
46172687,2026-05-14 15:49:35,3
46172780,2026-05-14 15:57:35,2
46172848,2026-05-14 16:03:30,2
46173027,2026-05-14 16:18:55,2
46173157,2026-05-14 16:29:55,8
46174087,2026-05-14 17:48:40,2
46174112,2026-05-14 17:50:50,2
46174428,2026-05-14 18:17:30,3
46174846,2026-05-14 18:53:30,3
46175076,2026-05-14 19:13:45,4
46175139,2026-05-14 19:19:05,4
46175223,2026-05-14 19:26:15,2
46175325,2026-05-14 19:34:55,4
46175483,2026-05-14 19:48:25,2
46175714,2026-05-14 20:08:00,5
46175886,2026-05-14 20:22:40,2
46176097,2026-05-14 20:40:40,3
46176164,2026-05-14 20:46:25,3
46176183,2026-05-14 20:48:00,4
46176207,2026-05-14 20:50:00,4
46176295,2026-05-14 20:57:35,2
46176345,2026-05-14 21:01:50,3
46176371,2026-05-14 21:04:05,5
46176441,2026-05-14 21:10:10,2
46176940,2026-05-14 21:53:15,2
46177101,2026-05-14 22:06:55,4
46177142,2026-05-14 22:10:20,7
46177145,2026-05-14 22:10:35,3
46177168,2026-05-14 22:12:35,3
46177290,2026-05-14 22:23:00,2
46177341,2026-05-14 22:27:15,3
46177554,2026-05-14 22:45:25,3
46177597,2026-05-14 22:49:00,3
46177956,2026-05-14 23:19:20,2
46178005,2026-05-14 23:23:35,3
46178075,2026-05-14 23:29:25,2
46178165,2026-05-14 23:37:05,4
46178419,2026-05-14 23:58:40,2
46178440,2026-05-15 00:00:30,3
46178616,2026-05-15 00:15:30,2
46178674,2026-05-15 00:20:45,2
46178711,2026-05-15 00:24:00,3
46179248,2026-05-15 01:10:20,2
46179373,2026-05-15 01:20:55,4
46179535,2026-05-15 01:34:50,2
46179542,2026-05-15 01:35:25,2
46179594,2026-05-15 01:39:50,2
46179605,2026-05-15 01:40:45,2
46179744,2026-05-15 01:52:35,2
46179787,2026-05-15 01:56:10,6
46179850,2026-05-15 02:01:35,7
46180160,2026-05-15 02:28:05,4
46180227,2026-05-15 02:33:40,6
46180438,2026-05-15 02:51:35,3
46180478,2026-05-15 02:55:05,2
46180580,2026-05-15 03:03:55,4
46180690,2026-05-15 03:13:20,2
46180765,2026-05-15 03:19:40,4
46181284,2026-05-15 04:04:10,44
46181325,2026-05-15 04:07:35,56
46181336,2026-05-15 04:08:35,89
46181386,2026-05-15 04:12:45,62
46181445,2026-05-15 04:17:45,4
46181733,2026-05-15 04:42:15,54
46181904,2026-05-15 04:56:40,17
46182213,2026-05-15 05:23:15,3
46182263,2026-05-15 05:27:30,3
46182611,2026-05-15 05:57:05,4
46182687,2026-05-15 06:03:30,2
46183113,2026-05-15 06:39:45,2
46183431,2026-05-15 07:07:05,3
46183825,2026-05-15 07:40:40,2
46184029,2026-05-15 07:58:15,2
46184393,2026-05-15 08:29:00,2
46184402,2026-05-15 08:29:45,2
46184439,2026-05-15 08:32:50,4
46184512,2026-05-15 08:39:05,3
46184628,2026-05-15 08:48:55,2
46184785,2026-05-15 09:02:15,5
46185080,2026-05-15 09:27:45,2
46185161,2026-05-15 09:34:35,2
46185177,2026-05-15 09:35:55,2
46185337,2026-05-15 09:49:20,6
46186266,2026-05-15 11:08:25,2
46186495,2026-05-15 11:27:55,3
46186628,2026-05-15 11:39:30,2
46186845,2026-05-15 11:57:40,2
46186966,2026-05-15 12:07:55,3
46186969,2026-05-15 12:08:10,2
46187706,2026-05-15 13:11:05,3
46188022,2026-05-15 13:37:50,2
46188461,2026-05-15 14:15:25,5
46189393,2026-05-15 15:35:15,4
46189465,2026-05-15 15:41:30,6
46189468,2026-05-15 15:41:45,2
46189498,2026-05-15 15:44:25,3
46189574,2026-05-15 15:50:50,2
46190327,2026-05-15 16:54:50,4
46190372,2026-05-15 16:58:35,3
46190482,2026-05-15 17:08:10,2
46190558,2026-05-15 17:14:40,2
46190657,2026-05-15 17:23:00,3
46190659,2026-05-15 17:23:10,3
46190808,2026-05-15 17:35:50,2
46190829,2026-05-15 17:37:35,2
46190950,2026-05-15 17:48:10,3
46191000,2026-05-15 17:52:25,3
46192483,2026-05-15 19:59:20,2
46192715,2026-05-15 20:19:00,3
46193172,2026-05-15 20:58:00,2
46193649,2026-05-15 21:38:35,2
46194332,2026-05-15 22:36:25,2
46196614,2026-05-16 01:49:45,2
46196992,2026-05-16 02:22:00,3
46197203,2026-05-16 02:40:00,3
46197312,2026-05-16 02:49:30,2
46197336,2026-05-16 02:51:30,2
46197436,2026-05-16 03:00:00,5
46197498,2026-05-16 03:05:20,3
46197537,2026-05-16 03:08:40,5
46197625,2026-05-16 03:16:20,3
46197770,2026-05-16 03:28:40,2
46198074,2026-05-16 03:54:20,2
46198086,2026-05-16 03:55:20,2
46198291,2026-05-16 04:13:10,4
46198884,2026-05-16 05:03:30,2
46198940,2026-05-16 05:08:10,4
46199003,2026-05-16 05:13:50,3
46199099,2026-05-16 05:22:00,3
46199109,2026-05-16 05:22:55,2
46199122,2026-05-16 05:24:00,4
46199157,2026-05-16 05:27:00,2
46199170,2026-05-16 05:28:10,3
46199196,2026-05-16 05:30:30,4
46199206,2026-05-16 05:31:20,5
46199215,2026-05-16 05:32:05,3
46199244,2026-05-16 05:34:30,3
46199261,2026-05-16 05:35:55,5
46199287,2026-05-16 05:38:10,4
46199288,2026-05-16 05:38:15,4
46199295,2026-05-16 05:38:50,3
46199366,2026-05-16 05:44:55,3
46199435,2026-05-16 05:50:45,3
46199443,2026-05-16 05:51:35,9
46199568,2026-05-16 06:02:10,2
46199638,2026-05-16 06:08:00,3
46199679,2026-05-16 06:11:30,2
46199687,2026-05-16 06:12:10,4
46199689,2026-05-16 06:12:20,4
46199771,2026-05-16 06:19:15,4
46199773,2026-05-16 06:19:25,3
46199814,2026-05-16 06:22:50,5
46199835,2026-05-16 06:24:35,3
46199922,2026-05-16 06:32:05,2
46199933,2026-05-16 06:33:00,4
46199945,2026-05-16 06:34:00,6
46199953,2026-05-16 06:34:40,5
46200206,2026-05-16 06:56:05,8
46200238,2026-05-16 06:58:45,3
46200278,2026-05-16 07:02:05,3
46201065,2026-05-16 08:09:10,4
46201217,2026-05-16 08:22:20,3
46201221,2026-05-16 08:22:40,3
46201284,2026-05-16 08:28:00,2
46201342,2026-05-16 08:33:00,3
46201348,2026-05-16 08:33:35,3
46201450,2026-05-16 08:42:20,2
46201496,2026-05-16 08:46:30,2
46201580,2026-05-16 08:53:30,2
46201829,2026-05-16 09:14:45,2
46202067,2026-05-16 09:35:00,3
46202310,2026-05-16 09:55:50,3
46202398,2026-05-16 10:03:20,2
46202685,2026-05-16 10:27:55,2
46202694,2026-05-16 10:28:40,2
46202753,2026-05-16 10:33:35,2
46202818,2026-05-16 10:39:05,3
46202988,2026-05-16 10:53:50,4
46203215,2026-05-16 11:13:10,2
46203223,2026-05-16 11:13:50,3
46203293,2026-05-16 11:19:50,2
46203319,2026-05-16 11:22:10,3
46203349,2026-05-16 11:24:50,2
46203376,2026-05-16 11:27:05,6
46203470,2026-05-16 11:34:55,3
46203627,2026-05-16 11:48:25,3
46203961,2026-05-16 12:16:45,2
46204490,2026-05-16 13:01:55,3
46204673,2026-05-16 13:17:20,3
46204802,2026-05-16 13:28:25,3
46205162,2026-05-16 13:58:40,2
46205346,2026-05-16 14:14:30,3
46205604,2026-05-16 14:37:05,2
46205660,2026-05-16 14:41:50,2
46205784,2026-05-16 14:52:40,2
46205786,2026-05-16 14:52:50,3
46205952,2026-05-16 15:06:50,2
46206185,2026-05-16 15:27:00,2
46206221,2026-05-16 15:30:00,2
46206620,2026-05-16 16:03:50,2
46206627,2026-05-16 16:04:25,2
46206743,2026-05-16 16:14:40,3
46207201,2026-05-16 16:53:40,3
46207411,2026-05-16 17:11:30,4
46207457,2026-05-16 17:15:30,2
46207599,2026-05-16 17:27:35,2
46207658,2026-05-16 17:32:35,2
46207844,2026-05-16 17:48:30,3
46208030,2026-05-16 18:04:40,4
46208388,2026-05-16 18:35:10,2
46208694,2026-05-16 19:01:25,4
46208911,2026-05-16 19:19:40,2
46208971,2026-05-16 19:24:40,2
46209155,2026-05-16 19:40:20,5
46209207,2026-05-16 19:44:45,2
46209214,2026-05-16 19:45:20,2
46209251,2026-05-16 19:48:40,3
46209494,2026-05-16 20:09:20,2
46209521,2026-05-16 20:11:40,2
46209572,2026-05-16 20:16:10,2
46209574,2026-05-16 20:16:20,2
46209582,2026-05-16 20:17:00,2
46209643,2026-05-16 20:22:10,2
46209692,2026-05-16 20:26:20,3
46209726,2026-05-16 20:29:10,3
46209929,2026-05-16 20:46:20,4
46209939,2026-05-16 20:47:10,2
46210006,2026-05-16 20:52:50,3
46210048,2026-05-16 20:56:25,3
46210049,2026-05-16 20:56:30,3
46210139,2026-05-16 21:04:10,4
46211526,2026-05-16 23:02:10,2
46211903,2026-05-16 23:34:30,2
46212613,2026-05-17 00:35:10,2
46212851,2026-05-17 00:55:10,2
46212948,2026-05-17 01:03:25,3
46213739,2026-05-17 02:10:50,3
46213838,2026-05-17 02:19:15,2
46214079,2026-05-17 02:39:45,2
46214123,2026-05-17 02:43:35,2
46214437,2026-05-17 03:10:10,2
46214457,2026-05-17 03:11:50,2
46214509,2026-05-17 03:16:10,3
46214703,2026-05-17 03:32:45,3
46214769,2026-05-17 03:38:15,5
46214864,2026-05-17 03:46:15,9
46214912,2026-05-17 03:50:20,5
46215025,2026-05-17 03:59:55,2
46215060,2026-05-17 04:02:55,3
46215085,2026-05-17 04:05:10,5
46215585,2026-05-17 04:47:50,9
46215959,2026-05-17 05:19:35,2
46216080,2026-05-17 05:29:40,2
46216088,2026-05-17 05:30:20,4
46216108,2026-05-17 05:32:00,2
46216274,2026-05-17 05:46:05,3
46216391,2026-05-17 05:56:00,4
46216435,2026-05-17 05:59:40,5
46216557,2026-05-17 06:09:50,3
46216587,2026-05-17 06:12:30,3
46216609,2026-05-17 06:14:20,3
46216685,2026-05-17 06:20:40,2
46216729,2026-05-17 06:24:25,3
46216793,2026-05-17 06:29:55,4
46216840,2026-05-17 06:33:50,2
46216847,2026-05-17 06:34:25,3
46216849,2026-05-17 06:34:35,5
46216850,2026-05-17 06:34:40,4
46216867,2026-05-17 06:36:05,2
46216871,2026-05-17 06:36:25,3
46216873,2026-05-17 06:36:35,3
46216874,2026-05-17 06:36:40,3
46216915,2026-05-17 06:40:10,4
46216921,2026-05-17 06:40:40,2
46216940,2026-05-17 06:42:20,4
46216955,2026-05-17 06:43:35,3
46217001,2026-05-17 06:47:30,3
46217009,2026-05-17 06:48:10,2
46217062,2026-05-17 06:52:35,4
46217074,2026-05-17 06:53:35,2
46217079,2026-05-17 06:54:00,3
46217112,2026-05-17 06:56:50,3
46217115,2026-05-17 06:57:05,2
46217117,2026-05-17 06:57:15,3
46217118,2026-05-17 06:57:20,3
46217121,2026-05-17 06:57:35,4
46217134,2026-05-17 06:58:40,3
46217209,2026-05-17 07:05:00,5
46217229,2026-05-17 07:06:40,3
46217233,2026-05-17 07:07:00,3
46217234,2026-05-17 07:07:05,2
46217279,2026-05-17 07:10:50,3
46217289,2026-05-17 07:11:40,3
46217460,2026-05-17 07:26:20,3
46217478,2026-05-17 07:27:50,5
46217509,2026-05-17 07:30:25,2
46217514,2026-05-17 07:30:50,3
46217560,2026-05-17 07:34:40,4
46217580,2026-05-17 07:36:20,2
46217632,2026-05-17 07:40:45,3
46217658,2026-05-17 07:43:00,5
46217659,2026-05-17 07:43:05,3
46217677,2026-05-17 07:44:40,2
46217679,2026-05-17 07:44:50,5
46217703,2026-05-17 07:46:55,4
46217777,2026-05-17 07:53:20,3
46217797,2026-05-17 07:55:00,3
46217798,2026-05-17 07:55:05,3
46217827,2026-05-17 07:57:30,3
46217829,2026-05-17 07:57:40,4
46217872,2026-05-17 08:01:15,4
46217888,2026-05-17 08:02:35,2
46217940,2026-05-17 08:06:55,3
46217952,2026-05-17 08:07:55,3
46217961,2026-05-17 08:08:40,5
46217963,2026-05-17 08:08:50,4
46217966,2026-05-17 08:09:05,3
46218008,2026-05-17 08:12:40,3
46218066,2026-05-17 08:17:35,5
46218119,2026-05-17 08:22:10,5
46218127,2026-05-17 08:22:50,3
46218208,2026-05-17 08:29:45,3
46218212,2026-05-17 08:30:05,3
46218216,2026-05-17 08:30:25,3
46218330,2026-05-17 08:40:00,3
46218372,2026-05-17 08:43:30,3
46218406,2026-05-17 08:46:25,4
46218427,2026-05-17 08:48:10,2
46218616,2026-05-17 09:04:10,3
46218641,2026-05-17 09:06:15,5
46218746,2026-05-17 09:15:15,2
46218862,2026-05-17 09:25:10,3
46218892,2026-05-17 09:27:50,3
46218893,2026-05-17 09:27:55,3
46218914,2026-05-17 09:29:40,5
46218917,2026-05-17 09:29:55,3
46218930,2026-05-17 09:31:05,13
46218946,2026-05-17 09:32:25,6
46218961,2026-05-17 09:33:45,3
46219055,2026-05-17 09:42:00,3
46219098,2026-05-17 09:45:35,2
46219134,2026-05-17 09:48:40,2
46219144,2026-05-17 09:49:30,3
46219146,2026-05-17 09:49:40,4
46219207,2026-05-17 09:54:50,6
46219232,2026-05-17 09:56:55,3
46219252,2026-05-17 09:58:35,3
46219260,2026-05-17 09:59:20,3
46219430,2026-05-17 10:13:45,3
46219498,2026-05-17 10:19:30,4
46219621,2026-05-17 10:29:50,3
46219746,2026-05-17 10:40:25,2
46219761,2026-05-17 10:41:40,3
46219842,2026-05-17 10:48:30,2
46219898,2026-05-17 10:53:20,4
46219901,2026-05-17 10:53:35,4
46219910,2026-05-17 10:54:20,3
46219913,2026-05-17 10:54:35,4
46220119,2026-05-17 11:12:10,4
46220127,2026-05-17 11:12:55,4
46220142,2026-05-17 11:14:10,4
46220154,2026-05-17 11:15:10,4
46220270,2026-05-17 11:25:20,6
46220343,2026-05-17 11:31:30,3
46220442,2026-05-17 11:40:05,3
46220489,2026-05-17 11:44:05,3
46220578,2026-05-17 11:51:40,4
46221483,2026-05-17 13:08:40,3
46221484,2026-05-17 13:08:45,2
46221511,2026-05-17 13:11:00,9
46221525,2026-05-17 13:12:10,2
46221550,2026-05-17 13:14:20,6
46221570,2026-05-17 13:16:05,8
46221574,2026-05-17 13:16:25,3
46221700,2026-05-17 13:27:00,2
46221718,2026-05-17 13:28:30,3
46221794,2026-05-17 13:35:00,3
46221852,2026-05-17 13:40:00,2
46221949,2026-05-17 13:48:15,3
46222041,2026-05-17 13:56:10,2
46222135,2026-05-17 14:04:10,5
46222167,2026-05-17 14:06:50,2
46222246,2026-05-17 14:13:40,2
46222250,2026-05-17 14:14:00,3
46222461,2026-05-17 14:32:20,2
46222479,2026-05-17 14:33:55,2
46222499,2026-05-17 14:35:35,3
46222649,2026-05-17 14:48:20,4
46222694,2026-05-17 14:52:15,4
46222774,2026-05-17 14:59:10,5
46222788,2026-05-17 15:00:20,4
46222927,2026-05-17 15:12:10,2
46223048,2026-05-17 15:22:40,5
46223126,2026-05-17 15:29:20,3
46223212,2026-05-17 15:36:30,2
46223286,2026-05-17 15:42:50,2
46223488,2026-05-17 15:59:50,2
46223992,2026-05-17 16:42:40,3
46225241,2026-05-17 18:30:00,2
46225541,2026-05-17 18:55:30,3
46225595,2026-05-17 19:00:00,2
46225719,2026-05-17 19:10:30,2
46225943,2026-05-17 19:29:40,4
46226136,2026-05-17 19:46:10,5
46226168,2026-05-17 19:48:55,2
46226201,2026-05-17 19:51:50,5
46226242,2026-05-17 19:55:25,3
46226277,2026-05-17 19:58:20,4
46226392,2026-05-17 20:08:00,2
46226461,2026-05-17 20:14:00,4
46226487,2026-05-17 20:16:10,5
46226609,2026-05-17 20:26:40,2
46226843,2026-05-17 20:47:10,3
46226909,2026-05-17 20:52:40,4
46226931,2026-05-17 20:54:30,4
46227294,2026-05-17 21:25:30,2
46227397,2026-05-17 21:34:25,3
46227884,2026-05-17 22:15:50,2
46228088,2026-05-17 22:33:05,5
46228804,2026-05-17 23:34:00,3
46229543,2026-05-18 00:38:20,37
46230170,2026-05-18 01:31:50,2
46230262,2026-05-18 01:39:40,3
46230402,2026-05-18 01:51:35,3
46230696,2026-05-18 02:16:30,5
46230741,2026-05-18 02:20:30,3
46230926,2026-05-18 02:36:15,2
46231058,2026-05-18 02:47:40,2
46231078,2026-05-18 02:49:20,3
46231104,2026-05-18 02:51:30,3
46231107,2026-05-18 02:51:45,3
46231191,2026-05-18 02:58:50,6
46231478,2026-05-18 03:23:25,8
46231522,2026-05-18 03:27:10,13
46231733,2026-05-18 03:45:10,10
46231788,2026-05-18 03:49:45,3
46231914,2026-05-18 04:00:20,2
46232046,2026-05-18 04:11:30,2
46232068,2026-05-18 04:13:20,13
46232088,2026-05-18 04:15:00,4
46232152,2026-05-18 04:20:20,3
46232287,2026-05-18 04:31:50,2
46232407,2026-05-18 04:42:00,13
46232777,2026-05-18 05:13:20,3
46232791,2026-05-18 05:14:30,4
46232795,2026-05-18 05:14:50,3
46232812,2026-05-18 05:16:15,4
46232856,2026-05-18 05:19:55,4
46232877,2026-05-18 05:21:45,3
46233016,2026-05-18 05:33:25,2
46233177,2026-05-18 05:47:00,3
46233667,2026-05-18 06:28:50,5
46233722,2026-05-18 06:33:45,2
46233939,2026-05-18 06:52:10,2
46234090,2026-05-18 07:05:05,2
46234241,2026-05-18 07:18:15,3
46234299,2026-05-18 07:23:30,3
46234341,2026-05-18 07:27:05,3
46234613,2026-05-18 07:51:00,3
46234737,2026-05-18 08:01:30,2
46234895,2026-05-18 08:14:45,4
46234898,2026-05-18 08:15:00,4
46235099,2026-05-18 08:32:40,3
46235286,2026-05-18 08:48:30,3
46235436,2026-05-18 09:01:20,4
46235479,2026-05-18 09:05:00,4
46235485,2026-05-18 09:05:30,3
46235865,2026-05-18 09:37:45,3
46235879,2026-05-18 09:38:55,2
46236060,2026-05-18 09:54:30,9
46236117,2026-05-18 09:59:35,2
46236128,2026-05-18 10:00:30,4
46236149,2026-05-18 10:02:20,3
46236185,2026-05-18 10:05:25,2
46236344,2026-05-18 10:19:15,6
46236367,2026-05-18 10:21:10,3
46236378,2026-05-18 10:22:10,2
46236406,2026-05-18 10:24:30,2
46236589,2026-05-18 10:40:20,2
46236604,2026-05-18 10:41:35,5
46236917,2026-05-18 11:08:20,2
46236992,2026-05-18 11:14:55,2
46237170,2026-05-18 11:30:10,3
46237228,2026-05-18 11:35:15,3
46237285,2026-05-18 11:40:20,9
46237418,2026-05-18 11:51:40,4
46238318,2026-05-18 13:08:40,3
46238507,2026-05-18 13:24:35,2
46238740,2026-05-18 13:44:30,2
46240225,2026-05-18 15:51:20,4
46240343,2026-05-18 16:01:30,3
46240661,2026-05-18 16:29:00,3
46241101,2026-05-18 17:06:35,2
46241451,2026-05-18 17:36:55,6
46241542,2026-05-18 17:45:00,3
46242495,2026-05-18 19:07:15,2
46242502,2026-05-18 19:07:50,13
46242661,2026-05-18 19:21:20,5
46242709,2026-05-18 19:25:30,2
46242805,2026-05-18 19:33:30,2
46243187,2026-05-18 20:06:40,14
46243368,2026-05-18 20:22:20,3
46243479,2026-05-18 20:31:45,11
46243629,2026-05-18 20:44:50,7
46243702,2026-05-18 20:51:10,2
46243864,2026-05-18 21:04:50,2
46243996,2026-05-18 21:16:15,6
46244097,2026-05-18 21:25:00,5
46244448,2026-05-18 21:55:25,3
46244722,2026-05-18 22:19:15,4
46244876,2026-05-18 22:32:20,4
46245273,2026-05-18 23:06:40,2
46245338,2026-05-18 23:12:10,3
46245760,2026-05-18 23:48:15,3
46247867,2026-05-19 02:49:40,2
46248618,2026-05-19 03:53:30,13
46248947,2026-05-19 04:21:55,2
46249069,2026-05-19 04:32:15,8
46249088,2026-05-19 04:33:50,2
46249154,2026-05-19 04:39:25,2
46249208,2026-05-19 04:44:10,3
46249212,2026-05-19 04:44:40,5
46249297,2026-05-19 04:52:05,2
46249311,2026-05-19 04:53:15,2
46249312,2026-05-19 04:53:20,4
46249353,2026-05-19 04:56:50,3
46249367,2026-05-19 04:58:00,2
46249486,2026-05-19 05:08:25,4
46249548,2026-05-19 05:13:45,2
46249612,2026-05-19 05:19:10,4
46249616,2026-05-19 05:19:30,3
46249642,2026-05-19 05:21:50,2
46249665,2026-05-19 05:24:00,3
46249704,2026-05-19 05:27:25,2
46249705,2026-05-19 05:27:30,4
46249728,2026-05-19 05:29:30,5
46249798,2026-05-19 05:35:25,3
46249799,2026-05-19 05:35:30,3
46249802,2026-05-19 05:35:45,3
46249851,2026-05-19 05:40:05,3
46249854,2026-05-19 05:40:20,6
46249868,2026-05-19 05:41:35,2
46249896,2026-05-19 05:44:10,2
46249897,2026-05-19 05:44:15,4
46249945,2026-05-19 05:48:20,3
46249982,2026-05-19 05:51:30,3
46249986,2026-05-19 05:51:50,3
46250036,2026-05-19 05:56:20,3
46250067,2026-05-19 05:59:10,3
46250120,2026-05-19 06:03:35,4
46250271,2026-05-19 06:16:25,3
46250290,2026-05-19 06:18:00,4
46250305,2026-05-19 06:19:20,2
46250364,2026-05-19 06:24:30,2
46250375,2026-05-19 06:25:25,2
46250386,2026-05-19 06:26:25,2
46250387,2026-05-19 06:26:30,5
46250480,2026-05-19 06:34:15,2
46250483,2026-05-19 06:34:30,2
46250504,2026-05-19 06:36:15,5
46250511,2026-05-19 06:36:50,3
46250576,2026-05-19 06:42:15,2
46250577,2026-05-19 06:42:20,3
46250597,2026-05-19 06:44:00,5
46250609,2026-05-19 06:45:00,3
46250621,2026-05-19 06:46:05,3
46250624,2026-05-19 06:46:20,2
46250640,2026-05-19 06:47:45,6
46250680,2026-05-19 06:51:05,2
46250683,2026-05-19 06:51:20,4
46250699,2026-05-19 06:52:40,3
46250708,2026-05-19 06:53:25,2
46250759,2026-05-19 06:57:55,6
46250768,2026-05-19 06:58:40,4
46250802,2026-05-19 07:01:35,2
46250814,2026-05-19 07:02:35,3
46250862,2026-05-19 07:06:45,4
46250867,2026-05-19 07:07:10,3
46250874,2026-05-19 07:07:50,3
46250879,2026-05-19 07:08:15,7
46250880,2026-05-19 07:08:20,4
46250897,2026-05-19 07:09:45,5
46250915,2026-05-19 07:11:15,3
46250976,2026-05-19 07:16:30,3
46251033,2026-05-19 07:21:20,3
46251040,2026-05-19 07:21:55,2
46251059,2026-05-19 07:23:30,2
46251170,2026-05-19 07:32:50,3
46251213,2026-05-19 07:36:30,2
46251244,2026-05-19 07:39:10,4
46251262,2026-05-19 07:40:45,6
46251342,2026-05-19 07:47:45,4
46251454,2026-05-19 07:57:25,2
46251455,2026-05-19 07:57:30,2
46251480,2026-05-19 07:59:40,2
46251639,2026-05-19 08:13:30,3
46251641,2026-05-19 08:13:40,2
46251872,2026-05-19 08:33:15,4
46251890,2026-05-19 08:34:45,4
46251945,2026-05-19 08:39:25,9
46252119,2026-05-19 08:54:10,5
46252146,2026-05-19 08:56:25,3
46252412,2026-05-19 09:18:50,2
46252483,2026-05-19 09:24:50,3
46252530,2026-05-19 09:28:50,2
46252831,2026-05-19 09:54:15,2
46253585,2026-05-19 10:58:45,4
46253637,2026-05-19 11:03:10,2
46253675,2026-05-19 11:06:25,5
46253789,2026-05-19 11:16:15,4
46254178,2026-05-19 11:49:50,6
46254220,2026-05-19 11:53:30,2
46254254,2026-05-19 11:56:35,13
46254259,2026-05-19 11:57:00,3
46254424,2026-05-19 12:11:10,3
46254588,2026-05-19 12:25:05,2
46254834,2026-05-19 12:46:10,14
46254836,2026-05-19 12:46:20,5
46255022,2026-05-19 13:02:40,3
46255402,2026-05-19 13:35:30,2
46255443,2026-05-19 13:39:10,3
46255651,2026-05-19 13:56:45,2
46257047,2026-05-19 15:56:00,2
46257603,2026-05-19 16:43:30,3
46258132,2026-05-19 17:28:40,3
46258263,2026-05-19 17:40:05,2
46258425,2026-05-19 17:53:55,4
46259013,2026-05-19 18:44:10,3
46259030,2026-05-19 18:45:35,3
46259098,2026-05-19 18:51:30,2
46259141,2026-05-19 18:55:15,2
46259950,2026-05-19 20:04:10,4
46259983,2026-05-19 20:07:00,3
46260195,2026-05-19 20:25:00,3
46260223,2026-05-19 20:27:25,5
46260256,2026-05-19 20:30:10,4
46260720,2026-05-19 21:09:50,5
46260761,2026-05-19 21:13:20,21
46260802,2026-05-19 21:16:50,2
46260809,2026-05-19 21:17:25,2
46260861,2026-05-19 21:21:45,2
46261074,2026-05-19 21:40:05,7
46261401,2026-05-19 22:07:50,4
46261520,2026-05-19 22:18:15,5
46261719,2026-05-19 22:35:30,2
46261929,2026-05-19 22:53:30,7
46262162,2026-05-19 23:13:15,3
46262329,2026-05-19 23:27:40,3
46262336,2026-05-19 23:28:15,2
46262419,2026-05-19 23:35:10,4
46262563,2026-05-19 23:47:30,2
46262621,2026-05-19 23:52:40,2
46262701,2026-05-19 23:59:30,5
46263037,2026-05-20 00:28:30,2
46263057,2026-05-20 00:30:10,2
46263122,2026-05-20 00:35:40,2
46263337,2026-05-20 00:53:45,4
46263348,2026-05-20 00:54:40,4
46263526,2026-05-20 01:09:50,3
46263543,2026-05-20 01:11:20,8
46263853,2026-05-20 01:37:35,3
46264285,2026-05-20 02:14:20,5
46264725,2026-05-20 02:52:10,4
46265212,2026-05-20 03:33:40,3
46265267,2026-05-20 03:38:25,4
46265269,2026-05-20 03:38:35,3
46265284,2026-05-20 03:39:55,22
46265357,2026-05-20 03:46:10,2
46265361,2026-05-20 03:46:30,4
46265362,2026-05-20 03:46:35,4
46265437,2026-05-20 03:53:10,13
46265549,2026-05-20 04:02:40,4
46265999,2026-05-20 04:40:40,3
46266022,2026-05-20 04:42:35,4
46266100,2026-05-20 04:49:10,4
46266170,2026-05-20 04:55:10,5
46266190,2026-05-20 04:56:55,4
46266217,2026-05-20 04:59:20,3
46266232,2026-05-20 05:00:40,3
46266244,2026-05-20 05:01:40,2
46266280,2026-05-20 05:04:50,6
46266450,2026-05-20 05:19:35,8
46266553,2026-05-20 05:28:35,2
46266734,2026-05-20 05:44:00,6
46266754,2026-05-20 05:45:45,7
46266850,2026-05-20 05:53:45,2
46267023,2026-05-20 06:08:45,3
46267076,2026-05-20 06:13:20,4
46267086,2026-05-20 06:14:10,6
46267123,2026-05-20 06:17:20,2
46267127,2026-05-20 06:17:40,4
46267172,2026-05-20 06:21:30,4
46267175,2026-05-20 06:21:55,6
46267238,2026-05-20 06:27:15,3
46267312,2026-05-20 06:33:30,2
46267372,2026-05-20 06:38:40,2
46267497,2026-05-20 06:49:20,4
46267529,2026-05-20 06:52:00,2
46267544,2026-05-20 06:53:20,4
46267558,2026-05-20 06:54:30,2
46267617,2026-05-20 06:59:35,2
46267632,2026-05-20 07:00:50,2
46267709,2026-05-20 07:07:30,5
46268049,2026-05-20 07:36:35,5
46268053,2026-05-20 07:36:55,4
46268131,2026-05-20 07:43:45,2
46268205,2026-05-20 07:50:00,2
46268383,2026-05-20 08:05:00,3
46268466,2026-05-20 08:12:00,13
46268626,2026-05-20 08:25:45,2
46268717,2026-05-20 08:33:40,6
46268902,2026-05-20 08:49:20,2
46269200,2026-05-20 09:15:00,2
46269408,2026-05-20 09:32:40,2
46269509,2026-05-20 09:41:25,2
46270219,2026-05-20 10:41:35,2
46270347,2026-05-20 10:52:20,3
46270509,2026-05-20 11:06:00,3
46270531,2026-05-20 11:07:55,4
46271335,2026-05-20 12:16:50,2
46271500,2026-05-20 12:31:00,4
46272656,2026-05-20 14:09:25,8
46273171,2026-05-20 14:53:20,2
46274787,2026-05-20 17:10:00,40
46276681,2026-05-20 19:52:15,3
46276767,2026-05-20 19:59:40,2
46277773,2026-05-20 21:26:20,3
46277795,2026-05-20 21:28:10,7
46278453,2026-05-20 22:24:20,3
46278709,2026-05-20 22:46:05,2
46278785,2026-05-20 22:52:30,2
46278809,2026-05-20 22:54:30,4
46280199,2026-05-21 00:53:10,3
46280210,2026-05-21 00:54:10,7
46280417,2026-05-21 01:11:45,4
46280480,2026-05-21 01:17:10,11
46280684,2026-05-21 01:34:15,4
46280882,2026-05-21 01:51:00,2
46280890,2026-05-21 01:51:45,2
46280898,2026-05-21 01:52:30,3
46281023,2026-05-21 02:03:10,2
46281806,2026-05-21 03:10:00,3
46281904,2026-05-21 03:18:30,2
46281936,2026-05-21 03:21:10,4
46281944,2026-05-21 03:21:50,2
46282003,2026-05-21 03:26:50,4
46282254,2026-05-21 03:48:20,6
46282313,2026-05-21 03:53:15,3
46282363,2026-05-21 03:57:35,3
46282433,2026-05-21 04:03:40,2
46282548,2026-05-21 04:13:15,2
46282965,2026-05-21 04:48:20,4
46283126,2026-05-21 05:01:45,2
46283194,2026-05-21 05:07:40,4
46283324,2026-05-21 05:18:40,2
46283367,2026-05-21 05:22:15,3
46283369,2026-05-21 05:22:25,3
46283526,2026-05-21 05:35:45,4
46283668,2026-05-21 05:47:45,3
46283852,2026-05-21 06:03:15,2
46283897,2026-05-21 06:07:05,9
46284217,2026-05-21 06:34:35,5
46284435,2026-05-21 06:53:10,4
46284439,2026-05-21 06:53:30,2
46284524,2026-05-21 07:00:50,3
46284723,2026-05-21 07:17:40,11
46284810,2026-05-21 07:25:05,4
46284854,2026-05-21 07:28:50,2
46284985,2026-05-21 07:40:05,4
46285083,2026-05-21 07:48:25,5
46285182,2026-05-21 07:56:40,4
46285195,2026-05-21 07:57:45,6
46285208,2026-05-21 07:58:55,4
46285796,2026-05-21 08:48:50,2
46286533,2026-05-21 09:51:35,2
46286704,2026-05-21 10:06:10,5
46287352,2026-05-21 11:01:20,4
46287357,2026-05-21 11:01:50,7
46287394,2026-05-21 11:04:55,2
46287500,2026-05-21 11:13:50,2
46287558,2026-05-21 11:18:45,2
46287701,2026-05-21 11:30:55,3
46287733,2026-05-21 11:33:40,2
46288263,2026-05-21 12:19:00,4
46288375,2026-05-21 12:28:20,2
46288415,2026-05-21 12:31:50,6
46289569,2026-05-21 14:10:10,5
46289822,2026-05-21 14:31:50,4
46289951,2026-05-21 14:42:40,3
46289983,2026-05-21 14:45:25,3
46291157,2026-05-21 16:25:30,2
46291737,2026-05-21 17:14:30,3
46291832,2026-05-21 17:22:30,6
46292028,2026-05-21 17:39:25,5
46292393,2026-05-21 18:11:00,2
46292395,2026-05-21 18:11:10,9
46292720,2026-05-21 18:39:20,2
46293020,2026-05-21 19:05:00,4
46293158,2026-05-21 19:16:50,6
46293471,2026-05-21 19:43:50,5
46293775,2026-05-21 20:09:30,2
46293822,2026-05-21 20:13:40,4
46293880,2026-05-21 20:18:30,4
46294020,2026-05-21 20:30:25,2
46294163,2026-05-21 20:42:50,2
46294165,2026-05-21 20:43:00,3
46294187,2026-05-21 20:44:50,2
46294358,2026-05-21 20:59:20,3
46294528,2026-05-21 21:14:00,2
46294603,2026-05-21 21:20:20,2
46294607,2026-05-21 21:20:40,4
46295198,2026-05-21 22:10:55,2
46295308,2026-05-21 22:20:20,3
46295394,2026-05-21 22:27:40,2
46295574,2026-05-21 22:43:00,12
46295745,2026-05-21 22:57:40,2
46295864,2026-05-21 23:07:50,2
46295956,2026-05-21 23:16:30,2
46296160,2026-05-21 23:33:50,2
46296247,2026-05-21 23:41:20,3
46296288,2026-05-21 23:44:45,7
46296375,2026-05-21 23:52:00,3
46296543,2026-05-22 00:06:10,8
46296628,2026-05-22 00:13:45,2
46296650,2026-05-22 00:15:35,4
46296668,2026-05-22 00:17:10,4
46297486,2026-05-22 01:27:50,3
46297508,2026-05-22 01:29:40,2
46298843,2026-05-22 03:24:35,4
46299433,2026-05-22 04:14:50,5
46299723,2026-05-22 04:39:45,6
46299888,2026-05-22 04:53:50,2
46300092,2026-05-22 05:11:05,2
46300134,2026-05-22 05:14:40,4
46300227,2026-05-22 05:22:45,5
46300254,2026-05-22 05:25:00,3
46300278,2026-05-22 05:27:05,4
46300286,2026-05-22 05:27:50,3
46300323,2026-05-22 05:30:55,7
46300347,2026-05-22 05:32:55,2
46300354,2026-05-22 05:33:30,2
46300701,2026-05-22 06:03:00,2
46300994,2026-05-22 06:28:25,2
46300998,2026-05-22 06:28:50,3
46301010,2026-05-22 06:29:50,6
46301361,2026-05-22 07:00:10,2
46301364,2026-05-22 07:00:25,5
46301411,2026-05-22 07:04:20,3
46301420,2026-05-22 07:05:10,3
46301633,2026-05-22 07:23:20,5
46301737,2026-05-22 07:32:25,9
46301742,2026-05-22 07:32:50,2
46301750,2026-05-22 07:33:35,5
46301817,2026-05-22 07:39:20,3
46301858,2026-05-22 07:43:10,4
46301926,2026-05-22 07:48:55,3
46302034,2026-05-22 07:58:45,3
46302041,2026-05-22 07:59:20,9
46302081,2026-05-22 08:02:55,4
46302267,2026-05-22 08:19:00,2
46302323,2026-05-22 08:23:50,3
46302358,2026-05-22 08:27:00,4
46302407,2026-05-22 08:31:10,4
46302522,2026-05-22 08:41:00,2
46302529,2026-05-22 08:41:35,7
46302658,2026-05-22 08:52:35,2
46302667,2026-05-22 08:53:20,3
46302726,2026-05-22 08:58:30,10
46302911,2026-05-22 09:14:20,2
46303050,2026-05-22 09:26:05,2
46303123,2026-05-22 09:32:20,4
46303187,2026-05-22 09:38:00,5
46303251,2026-05-22 09:43:25,4
46303352,2026-05-22 09:52:10,5
46303400,2026-05-22 09:56:20,2
46303588,2026-05-22 10:12:10,3
46303611,2026-05-22 10:14:10,5
46303705,2026-05-22 10:22:25,8
46303767,2026-05-22 10:27:35,2
46303938,2026-05-22 10:42:15,5
46304046,2026-05-22 10:51:25,9
46304222,2026-05-22 11:06:15,2
46304230,2026-05-22 11:07:00,5
46304774,2026-05-22 11:53:20,9
46304817,2026-05-22 11:56:55,3
46304967,2026-05-22 12:09:45,11
46304971,2026-05-22 12:10:05,2
46305582,2026-05-22 13:02:25,2
46306387,2026-05-22 14:10:35,2
46306430,2026-05-22 14:14:15,2
46306719,2026-05-22 14:38:50,2
46307056,2026-05-22 15:07:45,12
46307559,2026-05-22 15:50:20,6
46307870,2026-05-22 16:16:50,2
46308683,2026-05-22 17:26:30,5
46309095,2026-05-22 18:01:55,3
46309853,2026-05-22 19:06:30,13
46309900,2026-05-22 19:10:25,13
46310781,2026-05-22 20:25:30,2
46310890,2026-05-22 20:34:40,3
46311132,2026-05-22 20:55:30,2
46311169,2026-05-22 20:58:40,4
46311223,2026-05-22 21:03:20,2
46311254,2026-05-22 21:06:00,4
46311331,2026-05-22 21:12:30,2
46311584,2026-05-22 21:34:10,6
46311842,2026-05-22 21:55:50,2
46311846,2026-05-22 21:56:10,4
46312583,2026-05-22 22:58:30,2
46313712,2026-05-23 00:33:55,2
46316721,2026-05-23 04:49:30,4
46316846,2026-05-23 05:00:10,2
46317172,2026-05-23 05:27:55,2
46317181,2026-05-23 05:28:45,2
46317195,2026-05-23 05:29:55,2
46317336,2026-05-23 05:41:45,3
46317709,2026-05-23 06:13:40,3
46317747,2026-05-23 06:16:50,3
46317753,2026-05-23 06:17:20,3
46317759,2026-05-23 06:17:55,2
46317909,2026-05-23 06:30:50,2
46317974,2026-05-23 06:36:35,2
46318007,2026-05-23 06:39:20,3
46318047,2026-05-23 06:42:40,2
46318121,2026-05-23 06:48:50,2
46318273,2026-05-23 07:01:40,2
46318412,2026-05-23 07:13:20,2
46318428,2026-05-23 07:14:40,3
46320380,2026-05-23 10:01:10,2
46321194,2026-05-23 11:11:05,2
46321233,2026-05-23 11:14:20,2
46321804,2026-05-23 12:03:05,2
46322023,2026-05-23 12:21:55,2
46322294,2026-05-23 12:44:55,2
46325255,2026-05-23 16:57:50,2
46326212,2026-05-23 18:19:30,3
46327557,2026-05-23 20:13:50,2
46328026,2026-05-23 20:54:30,2
46328124,2026-05-23 21:02:50,17
46328177,2026-05-23 21:07:30,9
46328603,2026-05-23 21:44:10,2
46332063,2026-05-24 02:40:00,2
46332932,2026-05-24 03:53:50,2
46332980,2026-05-24 03:57:55,3
46333535,2026-05-24 04:45:00,2
46333571,2026-05-24 04:48:05,2
46333820,2026-05-24 05:09:40,2
46334106,2026-05-24 05:33:50,2
46334276,2026-05-24 05:48:35,2
46334454,2026-05-24 06:04:10,2
46334537,2026-05-24 06:11:15,3
46334740,2026-05-24 06:28:30,2
46334807,2026-05-24 06:34:10,2
46335322,2026-05-24 07:17:30,3
46335545,2026-05-24 07:36:30,3
46335582,2026-05-24 07:39:35,2
46335584,2026-05-24 07:39:50,2
46335598,2026-05-24 07:41:05,4
46335599,2026-05-24 07:41:10,2
46335660,2026-05-24 07:46:30,2
46335717,2026-05-24 07:51:20,2
46335760,2026-05-24 07:54:55,2
46335766,2026-05-24 07:55:25,3
46335767,2026-05-24 07:55:30,2
46335902,2026-05-24 08:06:55,2
46335925,2026-05-24 08:09:00,2
46336062,2026-05-24 08:21:05,9
46336440,2026-05-24 08:53:30,2
46336958,2026-05-24 09:37:25,2
46337275,2026-05-24 10:04:15,2
46337381,2026-05-24 10:13:10,2
46337497,2026-05-24 10:23:30,2
46337840,2026-05-24 10:52:55,2
46337925,2026-05-24 11:00:30,2
46338984,2026-05-24 12:30:20,4
46339359,2026-05-24 13:02:10,2
46340292,2026-05-24 14:21:55,29
46344259,2026-05-24 19:59:30,2
46344809,2026-05-24 20:46:40,2
46347419,2026-05-25 00:29:50,2
46347599,2026-05-25 00:45:10,2
46350597,2026-05-25 05:00:10,3
46351238,2026-05-25 05:54:25,2
46351445,2026-05-25 06:12:20,2
46351638,2026-05-25 06:29:00,4
46351642,2026-05-25 06:29:20,2
46351776,2026-05-25 06:40:40,3
46351778,2026-05-25 06:40:50,2
46351806,2026-05-25 06:43:10,4
46351876,2026-05-25 06:49:05,3
46351893,2026-05-25 06:50:30,3
46351915,2026-05-25 06:52:20,5
46352514,2026-05-25 07:43:35,2
46352558,2026-05-25 07:47:15,2
46352578,2026-05-25 07:49:00,3
46352793,2026-05-25 08:07:00,2
46353080,2026-05-25 08:31:30,2
46353225,2026-05-25 08:44:00,2
46354254,2026-05-25 10:13:15,2
46354323,2026-05-25 10:19:05,2
46354727,2026-05-25 10:53:55,2
46355543,2026-05-25 12:03:45,2
46355683,2026-05-25 12:15:30,2
46356734,2026-05-25 13:44:40,2
46358661,2026-05-25 16:29:10,2
46359050,2026-05-25 17:02:20,2
46359194,2026-05-25 17:14:50,3
46359261,2026-05-25 17:20:40,2
46359923,2026-05-25 18:16:40,4
46360055,2026-05-25 18:28:05,2
46363227,2026-05-25 22:59:10,2
46363537,2026-05-25 23:25:25,2
46366634,2026-05-26 03:50:00,2
46366682,2026-05-26 03:54:05,2
46367244,2026-05-26 04:42:00,3
46367728,2026-05-26 05:23:30,2
46367745,2026-05-26 05:25:00,2
46367820,2026-05-26 05:31:30,2
46368030,2026-05-26 05:49:25,2
46368032,2026-05-26 05:49:35,2
46368173,2026-05-26 06:01:35,2
46368526,2026-05-26 06:31:35,2
46368533,2026-05-26 06:32:15,2
46368675,2026-05-26 06:44:10,2
46368731,2026-05-26 06:49:05,2
46368833,2026-05-26 06:57:45,2
46372312,2026-05-26 11:55:45,2
46375301,2026-05-26 16:10:10,2
46377390,2026-05-26 19:08:10,2
46377924,2026-05-26 19:53:50,2
46378662,2026-05-26 20:56:50,2
46380250,2026-05-26 23:12:10,4
46382733,2026-05-27 02:43:35,3
46382987,2026-05-27 03:05:00,3
46383053,2026-05-27 03:10:30,3
46383113,2026-05-27 03:15:30,2
46383207,2026-05-27 03:23:35,2
46383278,2026-05-27 03:29:30,4
46383302,2026-05-27 03:31:30,2
46383541,2026-05-27 03:51:45,4
46383689,2026-05-27 04:04:20,2
46383767,2026-05-27 04:11:00,2
46383789,2026-05-27 04:12:50,2
46383919,2026-05-27 04:24:05,3
46383939,2026-05-27 04:25:45,4
46384290,2026-05-27 04:56:00,2
46384425,2026-05-27 05:07:35,2
46384429,2026-05-27 05:07:55,2
46384523,2026-05-27 05:16:05,2
46384866,2026-05-27 05:45:00,2
46385280,2026-05-27 06:20:05,3
46385303,2026-05-27 06:22:10,3
46385334,2026-05-27 06:24:45,2
46385369,2026-05-27 06:27:40,3
46385428,2026-05-27 06:32:40,2
46385561,2026-05-27 06:44:15,3
46385578,2026-05-27 06:45:45,4
46385669,2026-05-27 06:53:30,3
46386579,2026-05-27 08:11:25,2
46390996,2026-05-27 14:29:30,2
46393832,2026-05-27 18:32:00,3
46394783,2026-05-27 19:53:15,3
46394797,2026-05-27 19:54:25,2
46395138,2026-05-27 20:23:50,2
46395290,2026-05-27 20:36:45,3
46396763,2026-05-27 22:42:45,2
46397331,2026-05-27 23:30:55,5
46397622,2026-05-27 23:55:20,2
46399181,2026-05-28 02:08:35,2
46400327,2026-05-28 03:46:40,2
46400888,2026-05-28 04:34:20,2
46401167,2026-05-28 04:58:15,2
46401590,2026-05-28 05:34:45,2
46401785,2026-05-28 05:51:45,3
46402027,2026-05-28 06:12:40,2
46402233,2026-05-28 06:30:05,2
46402265,2026-05-28 06:32:50,2
46403249,2026-05-28 07:57:35,2
46403830,2026-05-28 08:48:30,2
46405060,2026-05-28 10:34:20,4
46405853,2026-05-28 11:43:10,16
46406050,2026-05-28 11:59:55,2
46406702,2026-05-28 12:56:10,3
46406787,2026-05-28 13:03:20,4
46407350,2026-05-28 13:52:25,2
46408134,2026-05-28 15:00:00,2
46408264,2026-05-28 15:11:20,3
46408409,2026-05-28 15:23:50,2
46409293,2026-05-28 16:39:40,3
46409772,2026-05-28 17:20:15,4
46410188,2026-05-28 17:56:00,2
46411919,2026-05-28 20:25:00,2
46412197,2026-05-28 20:49:10,2
46415058,2026-05-29 00:55:40,2
46415622,2026-05-29 01:44:05,2
46416526,2026-05-29 03:02:00,2
46417018,2026-05-29 03:44:15,2
46417650,2026-05-29 04:38:45,2
46418716,2026-05-29 06:10:25,2
46420790,2026-05-29 09:09:10,2
46420835,2026-05-29 09:13:05,2
46422073,2026-05-29 10:59:30,2
46422568,2026-05-29 11:41:55,2
46423380,2026-05-29 12:51:40,2
46429213,2026-05-29 21:12:50,2
46429440,2026-05-29 21:31:55,4
46434300,2026-05-30 04:29:25,6
46434301,2026-05-30 04:29:30,21
46434302,2026-05-30 04:29:35,10
46434303,2026-05-30 04:29:40,21
46434304,2026-05-30 04:29:45,16
46434305,2026-05-30 04:29:50,14
46434306,2026-05-30 04:29:55,14
46434307,2026-05-30 04:30:00,10
46434308,2026-05-30 04:30:05,33
46434309,2026-05-30 04:30:10,17
46434310,2026-05-30 04:30:15,25
46434311,2026-05-30 04:30:20,2
46434312,2026-05-30 04:30:25,30
46434313,2026-05-30 04:30:30,13
46434314,2026-05-30 04:30:35,14
46434315,2026-05-30 04:30:45,26
46434316,2026-05-30 04:30:50,26
46434317,2026-05-30 04:30:55,27
46434318,2026-05-30 04:31:00,2
46434319,2026-05-30 04:31:05,10
46434320,2026-05-30 04:31:10,16
46434321,2026-05-30 04:31:15,11
46434323,2026-05-30 04:31:25,23
46434324,2026-05-30 04:31:30,18
46434325,2026-05-30 04:31:35,14
46434326,2026-05-30 04:31:40,8
46434327,2026-05-30 04:31:45,29
46434328,2026-05-30 04:31:50,15
46434329,2026-05-30 04:31:55,9
46434330,2026-05-30 04:32:00,8
46434331,2026-05-30 04:32:05,26
46434332,2026-05-30 04:32:10,21
46434333,2026-05-30 04:32:15,13
46434334,2026-05-30 04:32:20,15
46434335,2026-05-30 04:32:25,11
46434336,2026-05-30 04:32:30,11
46434337,2026-05-30 04:32:35,12
46434338,2026-05-30 04:32:40,10
46434339,2026-05-30 04:32:45,15
46434340,2026-05-30 04:32:50,16
46434341,2026-05-30 04:32:55,11
46434342,2026-05-30 04:33:00,21
46434343,2026-05-30 04:33:05,15
46434344,2026-05-30 04:33:10,14
46434345,2026-05-30 04:33:15,10
46434346,2026-05-30 04:33:20,8
46434347,2026-05-30 04:33:25,12
46434349,2026-05-30 04:33:35,22
46434350,2026-05-30 04:33:40,9
46434351,2026-05-30 04:33:45,14
46434352,2026-05-30 04:33:50,8
46434353,2026-05-30 04:33:55,8
46434354,2026-05-30 04:34:00,7
46434355,2026-05-30 04:34:05,17
46434356,2026-05-30 04:34:10,20
46434357,2026-05-30 04:34:15,15
46434358,2026-05-30 04:34:20,18
46434359,2026-05-30 04:34:25,20
46434360,2026-05-30 04:34:30,9
46434361,2026-05-30 04:34:35,15
46434362,2026-05-30 04:34:40,19
46434363,2026-05-30 04:34:45,17
46434364,2026-05-30 04:34:50,12
46434365,2026-05-30 04:34:55,17
46434366,2026-05-30 04:35:00,23
46434367,2026-05-30 04:35:05,22
46434368,2026-05-30 04:35:10,15
46434369,2026-05-30 04:35:15,17
46434370,2026-05-30 04:35:20,20
46434371,2026-05-30 04:35:25,11
46434372,2026-05-30 04:35:30,7
46434373,2026-05-30 04:35:35,16
46434374,2026-05-30 04:35:40,9
46434375,2026-05-30 04:35:45,26
46434376,2026-05-30 04:35:50,21
46434377,2026-05-30 04:35:55,27
46434378,2026-05-30 04:36:00,18
46434379,2026-05-30 04:36:05,14
46434380,2026-05-30 04:36:10,12
46434381,2026-05-30 04:36:15,14
46434382,2026-05-30 04:36:20,7
46434383,2026-05-30 04:36:30,21
46434384,2026-05-30 04:36:35,14
46434385,2026-05-30 04:36:40,21
46434386,2026-05-30 04:36:45,17
46434387,2026-05-30 04:36:50,11
46434388,2026-05-30 04:36:55,12
46434389,2026-05-30 04:37:00,10
46434390,2026-05-30 04:37:05,11
46434391,2026-05-30 04:37:10,9
46434392,2026-05-30 04:37:15,9
46434393,2026-05-30 04:37:20,11
46434394,2026-05-30 04:37:25,13
46434395,2026-05-30 04:37:30,11
46434396,2026-05-30 04:37:35,9
46434397,2026-05-30 04:37:40,6
46434398,2026-05-30 04:37:45,14
46434399,2026-05-30 04:37:50,10
46447151,2026-05-30 22:54:00,2
46453223,2026-05-31 07:34:50,2
46454928,2026-05-31 10:01:00,11
46455355,2026-05-31 10:38:00,5
46464563,2026-05-31 23:49:15,2
46464700,2026-06-01 00:00:45,3
46468119,2026-06-01 04:53:20,2
46472073,2026-06-01 10:32:20,3
46472797,2026-06-01 11:34:35,2
46473078,2026-06-01 11:58:40,3
46473256,2026-06-01 12:13:50,2
46476186,2026-06-01 16:24:15,2
46478228,2026-06-01 19:17:55,8
46480257,2026-06-01 22:11:55,2
46484439,2026-06-02 04:10:10,4
46484821,2026-06-02 04:43:50,10
46485506,2026-06-02 05:43:05,9
46486003,2026-06-02 06:25:35,2
46487199,2026-06-02 08:09:15,12
46487204,2026-06-02 08:09:40,5
46487259,2026-06-02 08:14:30,5
46487269,2026-06-02 08:15:20,2
46488106,2026-06-02 09:28:20,2
46489046,2026-06-02 10:49:25,2
46489057,2026-06-02 10:50:20,4
46489657,2026-06-02 11:42:30,2
46492937,2026-06-02 16:27:00,2
46495982,2026-06-02 20:49:25,2
46497685,2026-06-02 23:16:15,10
46498594,2026-06-03 00:35:05,2
46502199,2026-06-03 05:44:55,2
46503415,2026-06-03 07:32:10,2
46506283,2026-06-03 11:40:00,4
46506500,2026-06-03 11:58:50,5
46507066,2026-06-03 12:48:00,2
46510608,2026-06-03 17:55:00,11
46513488,2026-06-03 22:04:05,2
46513598,2026-06-03 22:13:40,3
46518574,2026-06-04 05:23:35,2
46520037,2026-06-04 07:30:05,2
46520074,2026-06-04 07:33:10,2
46528879,2026-06-04 20:12:25,2
46532416,2026-06-05 01:16:30,2
46533510,2026-06-05 02:49:25,4
46536932,2026-06-05 07:41:10,12
46539982,2026-06-05 12:02:05,4
46542717,2026-06-05 15:55:10,2
46544256,2026-06-05 18:06:05,10
46546213,2026-06-05 20:52:50,3
46546217,2026-06-05 20:53:10,4
46546257,2026-06-05 20:56:30,3
46555054,2026-06-06 09:25:55,10
46556477,2026-06-06 11:26:25,2
46556837,2026-06-06 11:57:10,2
46564758,2026-06-06 23:12:50,2
46567265,2026-06-07 02:45:55,4
46567452,2026-06-07 03:01:55,5
46567931,2026-06-07 03:42:50,10
46572466,2026-06-07 10:08:15,10
46576656,2026-06-07 16:05:30,10
46583613,2026-06-08 01:57:10,10
46587547,2026-06-08 07:32:00,11
46588010,2026-06-08 08:11:00,8
46588300,2026-06-08 08:35:25,2
46590719,2026-06-08 12:01:10,2
46592652,2026-06-08 14:45:30,10
46598123,2026-06-08 22:30:30,10
46601250,2026-06-09 02:57:25,2
46603040,2026-06-09 05:29:20,10
46603741,2026-06-09 06:29:30,10
46614311,2026-06-09 21:31:50,124
46616518,2026-06-10 00:40:10,4
46616842,2026-06-10 01:07:50,2
46618938,2026-06-10 04:06:15,3
46619177,2026-06-10 04:26:50,4
46619281,2026-06-10 04:35:55,10
46619342,2026-06-10 04:41:00,10
46624123,2026-06-10 11:29:40,4
46625123,2026-06-10 12:55:10,13
46626113,2026-06-10 14:19:30,2
46630181,2026-06-10 20:04:50,2
46634333,2026-06-11 01:58:05,10
46635558,2026-06-11 03:42:15,11
46636056,2026-06-11 04:24:40,2
46637400,2026-06-11 06:19:05,10
46640399,2026-06-11 10:36:55,4
46640532,2026-06-11 10:48:10,10
46648126,2026-06-11 21:32:55,10
46650566,2026-06-12 01:01:20,2
46651132,2026-06-12 01:49:40,2
46653638,2026-06-12 05:24:00,2
46653887,2026-06-12 05:45:35,7
46655464,2026-06-12 08:00:20,2
46657953,2026-06-12 11:32:15,2
46668554,2026-06-13 02:36:00,10
46668841,2026-06-13 03:00:25,12
46670216,2026-06-13 04:57:50,10
46671224,2026-06-13 06:24:00,10
46688353,2026-06-14 06:42:35,2
46689500,2026-06-14 08:20:10,13
46689501,2026-06-14 08:20:15,21
46689502,2026-06-14 08:20:20,45
46689503,2026-06-14 08:20:25,18
46689504,2026-06-14 08:20:30,17
46689505,2026-06-14 08:20:35,19
46689506,2026-06-14 08:20:40,20
46689507,2026-06-14 08:20:45,15
46689508,2026-06-14 08:20:50,18
46689509,2026-06-14 08:20:55,29
46689510,2026-06-14 08:21:00,26
46689511,2026-06-14 08:21:05,22
46689512,2026-06-14 08:21:10,62
46689513,2026-06-14 08:21:15,23
46689514,2026-06-14 08:21:20,24
46689515,2026-06-14 08:21:25,41
46689516,2026-06-14 08:21:30,42
46689517,2026-06-14 08:21:35,24
46689518,2026-06-14 08:21:40,15
46689519,2026-06-14 08:21:45,40
46689520,2026-06-14 08:21:50,14
46689521,2026-06-14 08:21:55,36
46689522,2026-06-14 08:22:00,7
46689523,2026-06-14 08:22:05,14
46689524,2026-06-14 08:22:10,11
46689525,2026-06-14 08:22:15,42
46689526,2026-06-14 08:22:20,10
46689527,2026-06-14 08:22:25,14
46689528,2026-06-14 08:22:30,33
46689529,2026-06-14 08:22:35,13
46689530,2026-06-14 08:22:40,12
46689531,2026-06-14 08:22:45,40
46689532,2026-06-14 08:22:50,16
46689533,2026-06-14 08:22:55,54
46689534,2026-06-14 08:23:00,20
46689535,2026-06-14 08:23:05,24
46689536,2026-06-14 08:23:10,15
46689537,2026-06-14 08:23:15,51
46689538,2026-06-14 08:23:20,17
46689539,2026-06-14 08:23:25,43
46689540,2026-06-14 08:23:30,27
46689541,2026-06-14 08:23:35,25
46689542,2026-06-14 08:23:40,39
46689543,2026-06-14 08:23:45,31
46689544,2026-06-14 08:23:50,8
46689545,2026-06-14 08:23:55,17
46689546,2026-06-14 08:24:00,11
46689547,2026-06-14 08:24:05,19
46689548,2026-06-14 08:24:10,24
46689549,2026-06-14 08:24:15,18
46689550,2026-06-14 08:24:20,18
46689551,2026-06-14 08:24:25,40
46689552,2026-06-14 08:24:30,17
46689553,2026-06-14 08:24:35,12
46689554,2026-06-14 08:24:40,16
46689555,2026-06-14 08:24:45,30
46689556,2026-06-14 08:24:50,2
46689557,2026-06-14 08:24:55,19
46689558,2026-06-14 08:25:00,20
46689559,2026-06-14 08:25:05,24
46689560,2026-06-14 08:25:10,20
46689561,2026-06-14 08:25:15,26
46689562,2026-06-14 08:25:20,25
46689563,2026-06-14 08:25:25,32
46689564,2026-06-14 08:25:30,24
46689565,2026-06-14 08:25:35,13
46689566,2026-06-14 08:25:40,17
46689567,2026-06-14 08:25:45,27
46689568,2026-06-14 08:25:50,10
46689569,2026-06-14 08:25:55,13
46689570,2026-06-14 08:26:00,22
46689571,2026-06-14 08:26:05,16
46689572,2026-06-14 08:26:10,32
46689573,2026-06-14 08:26:20,13
46689574,2026-06-14 08:26:30,26
46689575,2026-06-14 08:26:35,18
46689576,2026-06-14 08:26:40,22
46689577,2026-06-14 08:26:45,30
46689578,2026-06-14 08:26:50,20
46689579,2026-06-14 08:26:55,16
46689580,2026-06-14 08:27:00,23
46689581,2026-06-14 08:27:05,16
46689582,2026-06-14 08:27:10,34
46689583,2026-06-14 08:27:15,16
46689584,2026-06-14 08:27:20,4
46689585,2026-06-14 08:27:25,30
46689586,2026-06-14 08:27:30,19
46689587,2026-06-14 08:27:35,17
46689588,2026-06-14 08:27:40,21
46689589,2026-06-14 08:27:45,38
46689590,2026-06-14 08:27:50,23
46689591,2026-06-14 08:27:55,21
46689592,2026-06-14 08:28:00,16
46689593,2026-06-14 08:28:05,12
46689594,2026-06-14 08:28:10,20
46689595,2026-06-14 08:28:15,14
46689596,2026-06-14 08:28:20,27
46689597,2026-06-14 08:28:25,9
46689598,2026-06-14 08:28:30,29
46689599,2026-06-14 08:28:35,9
46690107,2026-06-14 09:11:40,2
46723465,2026-06-16 08:40:55,10
46723975,2026-06-16 09:24:55,10
46724138,2026-06-16 09:39:00,10
46724211,2026-06-16 09:45:05,10
46724799,2026-06-16 10:35:10,10
46739604,2026-06-17 07:41:35,10
46741230,2026-06-17 10:00:10,10
46742778,2026-06-17 12:11:05,5
46749404,2026-06-17 21:36:20,2
46757168,2026-06-18 08:37:15,10
46757870,2026-06-18 09:37:00,10
46758856,2026-06-18 11:00:50,2
46767892,2026-06-18 23:49:25,3
46773627,2026-06-19 07:56:35,10
